Ryan,Cogswell,RyanCogswell11004@perftest.com,12901 Cantrell Rd,,Little Rock,AR,72223,US
Debi,Mogus,DebiMogus74045@perftest.com,779 Herndon 103,,Clovis,CA,93612,US
Wilburn,Howlett,WilburnHowlett59929@perftest.com,7525 Cantrell Rd,,Little Rock,AR,72207,US
Princess,Rand,PrincessRand48373@perftest.com,5347 N Blackstone Ave,Ste 101,Fresno,CA,93710,US
Morris,Northrup,MorrisNorthrup86980@perftest.com,5375 Farwell place,,Fremont,CA,94536,US
Jonathan,Ditch,JonathanDitch89716@perftest.com,5347 N Blackstone Ave,Ste 101,Fresno,CA,93710,US
Roxy,Weinrich,RoxyWeinrich50694@perftest.com,105 Commons Dr,,Maumelle,AR,72113,US
Sallie,Farenbaugh,SallieFarenbaugh33348@perftest.com,4465 Centennial Blvd,,Colorado Springs,CO,80907,US
Arie,Beas,ArieBeas23960@perftest.com,6815 N Academy Blvd,,Colorado Springs,CO,80918,US
Tyrell,Schimandle,TyrellSchimandle22902@perftest.com,3104 W Colorado Ave,,Colorado Springs,CO,80904,US
Kati,Sanzenbacher,KatiSanzenbacher91898@perftest.com,11121 N Rodney Parham Rd,Ste 18b,Little Rock,AR,72212,US
Ryan,Cogswell,RyanCogswell51486@perftest.com,12901 Cantrell Rd,,Little Rock,AR,72223,US
Arie,Beas,ArieBeas92811@perftest.com,6815 N Academy Blvd,,Colorado Springs,CO,80918,US
Jonathan,Ditch,JonathanDitch82809@perftest.com,5347 N Blackstone Ave,Ste 101,Fresno,CA,93710,US
Wilburn,Howlett,WilburnHowlett53963@perftest.com,7525 Cantrell Rd,,Little Rock,AR,72207,US
Sallie,Farenbaugh,SallieFarenbaugh57169@perftest.com,4465 Centennial Blvd,,Colorado Springs,CO,80907,US
Roxy,Weinrich,RoxyWeinrich15800@perftest.com,105 Commons Dr,,Maumelle,AR,72113,US
Debi,Mogus,DebiMogus86671@perftest.com,779 Herndon 103,,Clovis,CA,93612,US
Princess,Rand,PrincessRand94317@perftest.com,5347 N Blackstone Ave,Ste 101,Fresno,CA,93710,US
Faustino,Erath,FaustinoErath03603@perftest.com,16301 Chenal Pkwy,Ste 300,Little Rock,AR,72223,US
Morris,Northrup,MorrisNorthrup39012@perftest.com,5375 Farwell place,,Fremont,CA,94536,US
Tyrell,Schimandle,TyrellSchimandle05363@perftest.com,3104 W Colorado Ave,,Colorado Springs,CO,80904,US
Kati,Sanroman,KatiSanroman46074@perftest.com,11121 N Rodney Parham Rd,Ste 18b,Little Rock,AR,72212,US
Lorenzo,Kauk,LorenzoKauk56578@perftest.com,15029 N Thompson Peak Pkwy ,suite B125,Scottsdale,AZ,85260,US
See,Muraco,SeeMuraco02261@perftest.com,15029 N Thompson Peak Pkwy ,Ste B125,Scottsdale,AZ,85260,US
Louis,Kagimoto,LouisKagimoto55942@perftest.com,3860 W Happy Valley Rd,Ste 100,Glendale,AZ,85310,US
Carlene,Cardone,CarleneCardone94914@perftest.com,1801 E Parks Hwy,,Wasilla,AK,99654,US
Zachery,Rodvold,ZacheryRodvold98129@perftest.com,345 S Colonial Dr,,Alabaster,AL,35007,US
Emanuel,Burwick,EmanuelBurwick05917@perftest.com,1801 E Parks Hwy,,Wasilla,AK,99654,US
Annmarie,Flugence,AnnmarieFlugence07829@perftest.com,2171 Kent Dairy Rd,,Alabaster,AL,35007,US
Israel,Daddario,IsraelDaddario19076@perftest.com,2754 Legends Pkwy,,Prattville,AL,36066,US
Shantay,Perdew,ShantayPerdew37364@perftest.com,3575a Berlin Tpke,,Newington,CT,6111,US
Noe,Mirelez,NoeMirelez94231@perftest.com,1615 Stanley St,,New Britain,CT,6053,US
Eddie,Dekruif,EddieDekruif05028@perftest.com,1615 Stanley St,,New Britain,CT,6053,US
Mellisa,Vein,MellisaVein36993@perftest.com,2588 Cobbs Ford Rd,,Prattville,AL,36066,US
Kelsie,Lindholm,KelsieLindholm34397@perftest.com,3101 Aerial Way,,Spring Hill,FL,34604,US
Bree,Tonner,BreeTonner44583@perftest.com,1481 N Dupont Hwy,,Dover,DE,19901,US
Earleen,Schuner,EarleenSchuner90086@perftest.com,190 John Hunn Brown Rd,,Dover,DE,19901,US
Jay,Mokriski,JayMokriski01040@perftest.com,4401 Commercial Way,,Spring Hill,FL,34606,US
Felton,Hypes,FeltonHypes04084@perftest.com,13163 Cortez Blvd,,Brooksville,FL,34613,US
Alecia,Kasper,AleciaKasper35478@perftest.com,2300 Grand Cypress Dr,Ste 101,Lutz,FL,33559,US
Meghann,Biddlecome,MeghannBiddlecome47289@perftest.com,774 Ga Highway 96,,Bonaire,GA,31005,US
Fae,Pachew,FaePachew00145@perftest.com,774 Ga Highway 96,,Bonaire,GA,31005,US
Ciera,Theard,CieraTheard87634@perftest.com,4401 Commercial Way,,Spring Hill,FL,34606,US
Margert,Khim,MargertKhim54776@perftest.com,4640 Forsyth Rd,,Macon,GA,31210,US
Lakita,Collums,LakitaCollums39607@perftest.com,3094 Watson Blvd,,Warner Robins,GA,31093,US
Verda,Goike,VerdaGoike41332@perftest.com,491 Sun Valley Rd,,Ketchum,ID,83340,US
Chrystal,Bafford,ChrystalBafford61581@perftest.com,391 E Makaala St,,Hilo,HI,96720,US
Edwina,Buchar,EdwinaBuchar86467@perftest.com,438 Kilauea Ave,,Hilo,HI,96720,US
Karri,Kaupu,KarriKaupu38033@perftest.com,391 E Makaala St,,Hilo,HI,96720,US
Avril,Blazosky,AvrilBlazosky71508@perftest.com,1797 W State St,,Boise,ID,83702,US
Theo,Metsker,TheoMetsker96215@perftest.com,911 N Main St,,Hailey,ID,83333,US
Gus,Stofer,GusStofer33640@perftest.com,1100 S Broadway Ave,,Boise,ID,83706,US
Melody,Zinno,MelodyZinno34702@perftest.com,911 N Main St,,Hailey,ID,83333,US
Manual,Brave,ManualBrave76211@perftest.com,307 S Veterans Pkwy,Ste 510,Normal,IL,61761,US
Farrah,Brola,FarrahBrola17257@perftest.com,307 S Veterans Pkwy,Ste 510,Normal,IL,61761,US
Anibal,Anreozzi,AnibalAnreozzi57962@perftest.com,5710 W 86th St,,Indianapolis,IN,46278,US
Martina,Hall,MartinaHall01424@perftest.com,6320 Intech Commons Dr,,Indianapolis,IN,46278,US
Tai,Chidester,TaiChidester69072@perftest.com,1715 Bradford Ln,Ste 100,Normal,IL,61761,US
Shan,Carnevale,ShanCarnevale77744@perftest.com,1140 W Oak St,Ste Sr-334,Zionsville,IN,46077,US
Tomoko,Zilka,TomokoZilka67585@perftest.com,327 Lincoln Way,,Ames,IA,50010,US
Yon,Calandra,YonCalandra50128@perftest.com,10460 N Michigan Rd,Ste 100,Carmel,IN,46032,US
Denny,Emberger,DennyEmberger87233@perftest.com,10401 N Michigan Rd,,Carmel,IN,46032,US
Beau,Cantero,BeauCantero08590@perftest.com,320 S Duff Ave,,Ames,IA,50010,US
Sheena,Buboltz,SheenaBuboltz70176@perftest.com,2302 Lincoln Way,,Ames,IA,50014,US
Ezra,Axsom,EzraAxsom55704@perftest.com,2315 S 9th St,,Salina,KS,67401,US
Porsha,Fortier,PorshaFortier34558@perftest.com,640 Lincoln Way,,Ames,IA,50010,US
Dorcas,Caffey,DorcasCaffey25188@perftest.com,2125 N 9th St,,Salina,KS,67401,US
Heide,Delisser,HeideDelisser45631@perftest.com,1502 E 17th Ave,,Hutchinson,KS,67501,US
Napoleon,Gacad,NapoleonGacad83440@perftest.com,228 S Clinton St,,Iowa City,IA,52240,US
Vita,Ohmie,VitaOhmie08193@perftest.com,10222 W 21st,St N,Wichita,KS,67205,US
Jacqulyn,Jorski,JacqulynJorski32338@perftest.com,3009 College Dr,,Baton Rouge,LA,70808,US
Rolande,Gloor,RolandeGloor76964@perftest.com,3401 Bardstown Rd,,Louisville,KY,40218,US
Bobbye,Louthen,BobbyeLouthen22100@perftest.com,1907 W Pinhook Rd,,Lafayette,LA,70508,US
Martin,Marthaler,MartinMarthaler58577@perftest.com,102 W John Rowan Blvd,,Bardstown,KY,40004,US
Herbert,Preece,HerbertPreece78575@perftest.com,60 Longview Dr,,Bangor,ME,4401,US
Stan,Carden,StanCarden98823@perftest.com,2 Waterville Commons Dr,,Waterville,ME,4901,US
Jody,Bouges,JodyBouges39140@perftest.com,3009 College Dr,,Baton Rouge,LA,70808,US
Keva,Malinovsky,KevaMalinovsky53390@perftest.com,4600 Mitchellville Rd,,Bowie,MD,20716,US
Jame,Dalporto,JameDalporto49496@perftest.com,4100 Northview Dr,,Bowie,MD,20716,US
Artie,Reineman,ArtieReineman76545@perftest.com,38 Bangor Mall Blvd,,Bangor,ME,4401,US
Yen,Riles,YenRiles91356@perftest.com,15480 Annapolis Rd,Ste 207,Bowie,MD,20715,US
Kristy,Benne,KristyBenne77409@perftest.com,3924 Town Center Blvd,,Bowie,MD,20716,US
Diego,Elizabeth,DiegoElizabeth78976@perftest.com,85 W Main St,,Hopkinton,MA,1748,US
Lanita,Peredz,LanitaPeredz69094@perftest.com,67a Main St,Unit 104,Medway,MA,2053,US
Vonnie,Mohrbacher,VonnieMohrbacher45009@perftest.com,250 Fortune Blvd,,Milford,MA,1757,US
Joleen,Engblom,JoleenEngblom50286@perftest.com,3130 S Airport Rd W,,Traverse City,MI,49684,US
Eileen,Shelden,EileenShelden88417@perftest.com,1201 S State St,,Big Rapids,MI,49307,US
Isela,Mendel,IselaMendel97632@perftest.com,14546 Dellwood Dr,,Baxter,MN,56425,US
Bettyann,Moilanen,BettyannMoilanen51573@perftest.com,103 E Preston Rd,,Mount Pleasant,MI,48858,US
Robt,Valesquez,RobtValesquez11248@perftest.com,124 2nd St S,,Waite Park,MN,56387,US
Shawna,Proby,ShawnaProby26190@perftest.com,1220 E Northside Dr,Ste 260,Jackson,MS,39211,US
Ericka,Schwerin,ErickaSchwerin71065@perftest.com,170 Promenade Blvd,,Flowood,MS,x`,US
Kirstin,Mensch,KirstinMensch22211@perftest.com,3815 Osage Beach Pkwy,Ste B5,Osage Beach,MO,65065,US
Barb,Crognale,BarbCrognale22151@perftest.com,6365 I-55 N,,Jackson,MS,39213,US
Stepanie,Cristobal,StepanieCristobal79335@perftest.com,990 Highland Colony Pkwy,,Ridgeland,MS,39157,US
Ermelinda,Ursini,ErmelindaUrsini30162@perftest.com,6365 I-55 N,,Jackson,MS,39213,US
Rogelio,Moala,RogelioMoala29883@perftest.com,3880 Highway D,,Osage Beach,MO,65065,US
Shavon,Mittiga,ShavonMittiga72996@perftest.com,605 E Nifong Blvd,,Columbia,MO,65201,US
Brad,Bodor,BradBodor52022@perftest.com,3721 W Truman Blvd,,Jefferson City,MO,65109,US
Perla,Bridgewater,PerlaBridgewater98234@perftest.com,1000 10th Ave S,,Great Falls,MT,59405,US
Dewey,Harkless,DeweyHarkless65808@perftest.com,3721 W Truman Blvd,,Jefferson City,MO,65109,US
Yi,Dangerfield,YiDangerfield74534@perftest.com,3157 10th Ave S,,Great Falls,MT,59405,US
Karyn,Kulback,KarynKulback91399@perftest.com,4800 3rd Ave,,Kearney,NE,68845,US
Elois,Dassow,EloisDassow39469@perftest.com,2000 10th Ave S,,Great Falls,MT,59405,US
Ophelia,Roof,OpheliaRoof10977@perftest.com,2020 S Jeffers St,,North Platte,NE,69101,US
Chaya,Bolivar,ChayaBolivar65748@perftest.com,1414 3rd St NW,,Great Falls,MT,59404,US
Gabriella,Saleeby,GabriellaSaleeby16836@perftest.com,1765 N 19th Ave,,Bozeman,MT,59718,US
Elijah,Formhals,ElijahFormhals27603@perftest.com,1201 P St,,Lincoln,NE,68508,US
Marchelle,Duquaine,MarchelleDuquaine78111@perftest.com,206 WilmAR Ave,Ste 1,Grand Island,NE,68803,US
Mildred,Garia,MildredGaria04035@perftest.com,2065 Idaho St,,Elko,NV,89801,US
Hien,Erpelding,HienErpelding57327@perftest.com,3911 S Lincoln Ave,,York,NE,68467,US
Micheal,Buley,MichealBuley67687@perftest.com,282 Los Altos Pkwy,Ste 106,Sparks,NV,89436,US
Rosenda,Ellenbecker,RosendaEllenbecker25309@perftest.com,1201 Penny Ln,Ste 180,Fernley,NV,89408,US
Chester,Piening,ChesterPiening79586@perftest.com,1201 Penny Ln,Ste 180,Fernley,NV,89408,US
Emerson,Schwebach,EmersonSchwebach24188@perftest.com,11 Andrews Rd,,Somersworth,NH,3878,US
Ethan,Coggsdale,EthanCoggsdale56938@perftest.com,120 Laconia Rd,Ste 100,Tilton,NH,3276,US
Hisako,Salahubdin,HisakoSalahubdin67646@perftest.com,240 Loudon Rd,,Concord,NH,3301,US
Lynette,Dutka,LynetteDutka74201@perftest.com,200 Uncle Petes Rd,,Trenton,NJ,8691,US
Douglass,Liversedge,DouglassLiversedge16569@perftest.com,282 Dunns Mill Rd,,Bordentown,NJ,8505,US
Corinna,Limage,CorinnaLimage48151@perftest.com,2083 Lawrence Rd,,Lawrenceville,NJ,8648,US
Adina,Iacobucci,AdinaIacobucci03590@perftest.com,200 Uncle Petes Rd,,Trenton,NJ,8691,US
Edward,Parde,EdwardParde02160@perftest.com,3400 Central Ave SE,,Albuquerque,NM,87106,US
Nia,Koppinger,NiaKoppinger27446@perftest.com,111 Eubank Blvd SE,,Albuquerque,NM,87123,US
Tenisha,Cornella,TenishaCornella72787@perftest.com,111 Eubank Blvd SE,,Albuquerque,NM,87123,US
Angelo,Gamet,AngeloGamet57762@perftest.com,2905 S Horner Blvd,,Sanford,NC,27332,US
Hugh,Magrath,HughMagrath26775@perftest.com,2801 Eubank Blvd NE,Ste 2,Albuquerque,NM,87112,US
Colby,Hackler,ColbyHackler82969@perftest.com,2498 Broadway,,New York,NY,10025,US
Elma,Bohmker,ElmaBohmker43599@perftest.com,1229 W Century Ave,,Bismarck,ND,58503,US
Kate,Cordero,KateCordero27223@perftest.com,1015 Parkside Main St,,Cary,NC,27519,US
Keli,Hagger,KeliHagger38828@perftest.com,1107 Walnut St,Ste 102,Cary,NC,27511,US
Lin,Rylowicz,LinRylowicz50589@perftest.com,600 S 7th St,,Bismarck,ND,58504,US
Kenisha,Watts,KenishaWatts80801@perftest.com,600 S 7th St,,Bismarck,ND,58504,US
Laurena,Nicewander,LaurenaNicewander78554@perftest.com,2124 N 12th St,,Bismarck,ND,58501,US
Hassan,Cardno,HassanCardno53265@perftest.com,533 S State St,,Westerville,OH,43081,US
Louis,Romain,LouisRomain70533@perftest.com,1187 Polaris Pkwy,,Columbus,OH,43240,US
Vince,Zellars,VinceZellars32291@perftest.com,1780 22nd Ave SW,,Minot,ND,58701,US
Billi,Zagroba,BilliZagroba96568@perftest.com,1740 Columbus Pike,Ste A,Delaware,OH,43015,US
Ileen,Genson,IleenGenson27560@perftest.com,6430 Avondale Dr,,Oklahoma City,OK,73116,US
Barry,Molchan,BarryMolchan06071@perftest.com,2116 W Memorial Rd,,Oklahoma City,OK,73134,US
Novella,Clowdus,NovellaClowdus23202@perftest.com,13924 N Pennsylvania Ave,,Oklahoma City,OK,73134,US
Raguel,Francesconi,RaguelFrancesconi37445@perftest.com,2929 E Memorial Rd,,Edmond,OK,73013,US
Marc,Rutske,MarcRutske33108@perftest.com,583 NE Bellevue Dr,,Bend,OR,97701,US
Buffy,Terp,BuffyTerp39682@perftest.com,812 NW Wall St,,Bend,OR,97703,US
Lucien,Sweets,LucienSweets73550@perftest.com,1590 NE 3rd St,Ste 1,Prineville,OR,97754,US
Raymon,Manross,RaymonManross76109@perftest.com,1400 SW Canal Blvd,Ste 101,Redmond,OR,97756,US
Michele,Forcier,MicheleForcier25146@perftest.com,1370 Ten Rod Rd,,N Kingstown,RI,2852,US
Lilliam,Struchen,LilliamStruchen51772@perftest.com,212 Thames St,,Newport,RI,2840,US
Dominick,Drinen,DominickDrinen76087@perftest.com,555 Main St,,East Greenwich,RI,2818,US
Tammara,Althauser,TammaraAlthauser55850@perftest.com,747 Saluda Ave,,Columbia,SC,29205,US
Sherrell,Kasee,SherrellKasee02881@perftest.com,747 Saluda Ave,,Columbia,SC,29205,US
Temeka,Edgman,TemekaEdgman02079@perftest.com,2200 N Maple Ave,Unit 609,Rapid City,SD,57701,US
Monet,Stelk,MonetStelk90534@perftest.com,2100n Broadway Ave,,Yankton,SD,57078,US
Tristan,Zien,TristanZien94687@perftest.com,2935 S Rutherford Blvd,,Murfreesboro,TN,37130,US
Bradford,Martes,BradfordMartes49182@perftest.com,1611 Alumni Dr,,Murfreesboro,TN,37132,US
Tam,Turnmire,TamTurnmire98066@perftest.com,2050 Lascassas Pike,,Murfreesboro,TN,37130,US
Reid,Shikles,ReidShikles24722@perftest.com,1641 Memorial Blvd,,Murfreesboro,TN,37129,US
Dortha,Ress,DorthaRess85191@perftest.com,1641 Memorial Blvd,,Murfreesboro,TN,37129,US
Kerstin,Edmondson,KerstinEdmondson55748@perftest.com,725 E University Pkwy,,Orem,UT,84097,US
Heidi,Backus,HeidiBackus71663@perftest.com,575 E 1000 N,,Spanish Fork,UT,84660,US
Karen,Krueth,KarenKrueth08229@perftest.com,830 N State St,,Orem,UT,84057,US
Ahmad,Larman,AhmadLarman30701@perftest.com,1283 E Draper Pkwy,,Draper,UT,84020,US
Nathan,Nathanson,NathanNathanson34888@perftest.com,2951 W Clubhouse Dr,Ste A,Lehi,UT,84043,US
Coralee,Rivas,CoraleeRivas43629@perftest.com,580 Shelburne Rd,Ste 9,Burlington,VT,5401,US
Kimbery,Balthrop,KimberyBalthrop99920@perftest.com,1150 Williston Rd,Unit 2,South Burlington,VT,5403,US
Nicolette,Mahowald,NicoletteMahowald15846@perftest.com,163 Community St,,Charlottesville,VA,22911,US
Lyman,Rick,LymanRick29300@perftest.com,500 Valley Mall Pkwy,Ste A,East Wenatchee,WA,98802,US
Luann,Epperly,LuannEpperly90552@perftest.com,3911 Wards Rd,Ste A,Lynchburg,VA,24502,US
Chantal,Stouer,ChantalStouer77331@perftest.com,501 N Miller St,,Wenatchee,WA,98801,US
Loise,Sherburn,LoiseSherburn02051@perftest.com,3000 Charleston Town Ctr,Ste k-15,Charleston,WV,25389,US
Suzan,Freese,SuzanFreese93193@perftest.com,306 S 17th Ave,,Wausau,WI,54401,US
Otha,Zwack,OthaZwack31092@perftest.com,241 Emily Dr,Ste A,Clarksburg,WV,26301,US
Bryanna,Hogge,BryannaHogge41295@perftest.com,30 R H L Blvd,,Charleston,WV,25309,US
Harriett,Fata,HarriettFata91893@perftest.com,120 Crossroads Dr,,Plover,WI,54467,US
Deja,Chesner,DejaChesner93050@perftest.com,3000 Charleston Town Ctr,Ste k-15,Charleston,WV,25389,US
Charleen,Tinajero,CharleenTinajero20756@perftest.com,4003 Cy Ave,,Casper,WY,82604,US
Kiera,Bruch,KieraBruch63110@perftest.com,4728 Rib Mountain Dr,,Wausau,WI,54401,US
Delaine,Reichle,DelaineReichle63818@perftest.com,4339 W Wisconsin Ave,,Appleton,WI,54913,US
Shanda,Lowa,ShandaLowa19365@perftest.com,560 N Center St,,Casper,WY,82601,US
Cherilyn,Devers,CherilynDevers78400@perftest.com,4585 E 2nd St,,Casper,WY,82609,US
Paul,Gorri,PaulGorri85689@perftest.com,364 Edmond St,,Ketchikan,AK,99901-6402,US
Marin,Bertog,MarinBertog55370@perftest.com,1165 Main St,,Lander,WY,82520,US
Lewis,Lebaron,LewisLebaron31731@perftest.com,300 SE Wyoming Blvd,,Casper,WY,82609,US
Marcos,Stimmell,MarcosStimmell23197@perftest.com,608 Tecumseh St,,La Porte,IN,46350-4247,US
Lady,Crosiar,LadyCrosiar42806@perftest.com,17115 N Suncrest Dr,,Nine Mile Fls,WA,99026-9473,US
Mechelle,Moffett,MechelleMoffett70168@perftest.com,2430 Welbilt Blvd,,Trinity,FL,34655-4401,US
Eladia,Eheler,EladiaEheler80212@perftest.com,4415 Loraine St Ne,,Cedar Rapids,IA,52402-2137,US
Maryellen,Hamsik,MaryellenHamsik11582@perftest.com,Municipal Bldg 430 Park Ave,,Scotch Plains,NJ,07076-0000,US
Dominque,Oehlert,DominqueOehlert70924@perftest.com,3193 Rochester Rd,,Troy,MI,48083-5449,US
Lon,Vigus,LonVigus19364@perftest.com,2216 Schiller Ave,,Wilmette,IL,60091-2328,US
Armand,Romey,ArmandRomey14726@perftest.com,1159 W 51st St,,Chicago,IL,60609-5005,US
Dean,Mellecker,DeanMellecker46056@perftest.com,8891 Sunscape Ln,,Boca Raton,FL,33496-5089,US
Alina,Oshey,AlinaOshey56390@perftest.com,4953 Florence Ave,,Downers Grove,IL,60515-3916,US
Deneen,Parkison,DeneenParkison98212@perftest.com,1724 Spring Dr,,Louisville,KY,40205-1325,US
Caleb,Selbert,CalebSelbert33252@perftest.com,16015 Sw 150th St,,Miami,FL,33196-6559,US
Alton,Tonnar,AltonTonnar65029@perftest.com,1530 Jackson Ave,,River Forest,IL,60305-1114,US
Lauren,Bartlow,LaurenBartlow06889@perftest.com,2411 Spring Ave,,New Albany,IN,47150-1546,US
Timothy,Amarian,TimothyAmarian40824@perftest.com,891 E 149th St,,Cleveland,OH,44110-3723,US
Mercy,Diehm,MercyDiehm54856@perftest.com,7500 Willow Rd,,NMandan,ND,58554-5410,US
Adam,Gatti,AdamGatti77913@perftest.com,208 Weymouth St,,Cambria,CA,93428-2348,US
Camila,Cartin,CamilaCartin49165@perftest.com,9943 Harriet Ave S,,Bloomington,MN,55420-4724,US
Brain,Antone,BrainAntone77937@perftest.com,4954 Pete Nation Rd,,Starks,LA,70661-4024,US
Franchesca,Scherbring,FranchescaScherbring31115@perftest.com,4117 Verona Rd,,South Euclid,OH,44121-3109,US
Siu,Gellman,SiuGellman46104@perftest.com,4 Penny Ln,,Cedar Crest,NM,87008-9723,US
Stanford,Arrison,StanfordArrison89509@perftest.com,54 S Grove Ave,,Elgin,IL,60120-6404,US
Shakia,Kader,ShakiaKader41739@perftest.com,13788 Conway Rd,,Saint Louis,MO,63141-7236,US
Sherrill,Meccia,SherrillMeccia50784@perftest.com,953 48th St,,Brooklyn,NY,11219-2919,US
Cleta,Robichard,CletaRobichard53060@perftest.com,20 E Liberty Ln,,Danville,IL,61832-1441,US
Trinidad,Kess,TrinidadKess77594@perftest.com,2435 Suffolk Ln,,Joliet,IL,60433-1627,US
Marquitta,Robnett,MarquittaRobnett91545@perftest.com,10860 Killdeer St Nw,,Coon Rapids,MN,55433-4237,US
Audrey,Camper,AudreyCamper96804@perftest.com,1701 Birch Rd,,Pasco,WA,99301-8861,US
Lavonda,Molinelli,LavondaMolinelli66426@perftest.com,960 Hastings St,,Baldwin,NY,11510-4738,US
Catherina,Archibold,CatherinaArchibold34515@perftest.com,7014 Foxglove Trl,,Sachse,TX,75048-2106,US
Ione,Withee,IoneWithee48158@perftest.com,2035 Raible Ave,,Anderson,IN,46011-4139,US
Laronda,Rumberger,LarondaRumberger96193@perftest.com,100 S Church Ave,,Tucson,AZ,85701-1631,US
Cesar,Boho,CesarBoho17784@perftest.com,150 Laager Loop,,Bozeman,MT,59715-3292,US
Trinidad,Harver,TrinidadHarver79920@perftest.com,23 Tom Dick Hill Rd,,Stonefort,IL,62987-1490,US
Brandon,Cortright,BrandonCortright44373@perftest.com,3900 Pelican Way,,Oxnard,CA,93035-4367,US
Norman,Willits,NormanWillits00494@perftest.com,522 Homestead Blvd,,Price,UT,84501-2261,US
Elin,Twombly,ElinTwombly13848@perftest.com,281 Baker St,,Corning,NY,14830-1621,US
Frances,Korshak,FrancesKorshak48573@perftest.com,325 W Aaron Dr,,State College,PA,16803-3045,US
Donya,Bastone,DonyaBastone69150@perftest.com,209 E Sessions Ave,,Lake Wales,FL,33853-0000,US
Kathrin,Gowda,KathrinGowda28864@perftest.com,4050 Back Woods Rd,,Westminster,MD,21158-2407,US
Paulette,Aun,PauletteAun00984@perftest.com,325 W Aaron Dr,,State College,PA,16803-3045,US
Yuko,Tofolla,YukoTofolla00771@perftest.com,1301 W Fredonia Ave,,Peoria,IL,61606-2406,US
Tamela,Sturner,TamelaSturner10777@perftest.com,41 Warren St,,Roxbury,MA,02119-3235,US
Delmar,Harrison,DelmarHarrison23186@perftest.com,29712 Sylvan Dr,,Willowick,OH,44095-4512,US
Verena,Solera,VerenaSolera65212@perftest.com,3100 25th St,,Tuscaloosa,AL,35401-5314,US
Scotty,Mathur,ScottyMathur62938@perftest.com,4365 Maynard Rd,,Delaware,OH,43015-8780,US
Shizue,Hy,ShizueHy27178@perftest.com,11600 Partridge Run Ln,,Potomac,MD,20854-1218,US
Brinda,Jedele,BrindaJedele92656@perftest.com,22 Tyler St,,Hobart,IN,46342-1055,US
Kandace,Herbison,KandaceHerbison65037@perftest.com,4119 Balcones Woods Dr,,Austin,TX,78759-5009,US
Isis,Darby,IsisDarby84598@perftest.com,280 Calkins Rd,,Rochester,NY,14623-4210,US
Maragret,Canales,MaragretCanales64217@perftest.com,320 Bay Dr,,Massapequa,NY,11758-8144,US
Norman,Harader,NormanHarader62867@perftest.com,702 Chapin St,,South Bend,IN,46601-2804,US
Elina,Egvirre,ElinaEgvirre18938@perftest.com,12731 E State Highway 47,,Cadet,MO,63630-9363,US
Maryam,Amores,MaryamAmores66269@perftest.com,1575 E River Rd 201,,Tucson,AZ,85718-5831,US
Jeannetta,Ahlf,JeannettaAhlf51918@perftest.com,215 N 3rd St,,Wilsey,KS,66873-9653,US
Jacob,Bosell,JacobBosell61805@perftest.com,14493 Spid Suite A,,Corpus Christi,TX,78418-5939,US
Isa,Levister,IsaLevister60559@perftest.com,301 Mellane Cir,,Orland,CA,95963-1505,US
Tad,Zirkle,TadZirkle26116@perftest.com,1405 Ne 92nd St,,Kansas City,MO,64155-3372,US
Nelly,Sampsell,NellySampsell49711@perftest.com,711 W Chicago Ave,,East Chicago,IN,46312-3221,US
Stormy,Suffield,StormySuffield16004@perftest.com,5287 Quarterdeck Ln,,San Diego,CA,92154-8583,US
Harriette,Pricer,HarriettePricer84167@perftest.com,360 1st St,,Menasha,WI,54952-3041,US
Regenia,Esquinaldo,RegeniaEsquinaldo06480@perftest.com,21 Northridge Ln,,Lafayette,CA,94549-3146,US
Traci,Agonoy,TraciAgonoy91111@perftest.com,8 Morningstar Dr,,Stratham,NH,03885-2156,US
Qiana,Sciacchitano,QianaSciacchitano70690@perftest.com,14545 Sherman Cir,,Van Nuys,CA,91405-3087,US
Coy,Vora,CoyVora47142@perftest.com,14050 S 303rd East Ave,,Coweta,OK,74429-3081,US
Willia,Squitieri,WilliaSquitieri33670@perftest.com,7738 S Hermitage Ave,,Chicago,IL,60620-4413,US
Anh,Gravitt,AnhGravitt18289@perftest.com,3554 N 6th St,,Philadelphia,PA,19140-4506,US
Delores,Fannell,DeloresFannell02692@perftest.com,601 2nd St,,Griswold,IA,51535-8082,US
Latrisha,Schabel,LatrishaSchabel59688@perftest.com,1309 N Topeka St,,Wichita,KS,67214-2844,US
Thanh,Chiappone,ThanhChiappone39905@perftest.com,10118 Cavalry Dr,,Fairfax,VA,22030-1916,US
Chastity,Kennady,ChastityKennady68145@perftest.com,4167 Sunflower Ct,,Union City,CA,94587-3922,US
Ria,Letizia,RiaLetizia40388@perftest.com,10317 Xerxes Ave S,,Bloomington,MN,55431-3331,US
Carla,Grandel,CarlaGrandel64574@perftest.com,1900 E Bonanza Rd,,Las Vegas,NV,89101-3339,US
Blair,Cullity,BlairCullity87388@perftest.com,13788 Conway Rd,,Saint Louis,MO,63141-7236,US
Miguel,Lyda,MiguelLyda35716@perftest.com,1808 Opelika Rd,,Phenix City,AL,36867-3638,US
Peggy,Wempa,PeggyWempa93012@perftest.com,5375 Farwell place,,Fremont,CA,94536,US
Opal,Bartlome,OpalBartlome33298@perftest.com,600 E 6th St,,New York,NY,10009-6851,US
Hermelinda,Keal,HermelindaKeal80350@perftest.com,6815 N Academy Blvd,,Colorado Springs,CO,80918,US
Christiana,Staack,ChristianaStaack75642@perftest.com,779 Herndon 103,,Clovis,CA,93612,US
Carmon,Zacek,CarmonZacek38932@perftest.com,4465 Centennial Blvd,,Colorado Springs,CO,80907,US
Shawnta,Sivert,ShawntaSivert25686@perftest.com,3104 W Colorado Ave,,Colorado Springs,CO,80904,US
Tennille,Cullum,TennilleCullum97052@perftest.com,5347 N Blackstone Ave,Ste 101,Fresno,CA,93710,US
Katlyn,Eickhorst,KatlynEickhorst85790@perftest.com,105 Commons Dr,,Maumelle,AR,72113,US
Shirl,Cristal,ShirlCristal93310@perftest.com,11121 N Rodney Parham Rd,Ste 18b,Little Rock,AR,72212,US
Hester,Capracotta,HesterCapracotta00654@perftest.com,12901 Cantrell Rd,,Little Rock,AR,72223,US
Corey,Blume,CoreyBlume60741@perftest.com,5347 N Blackstone Ave,Ste 101,Fresno,CA,93710,US
Jordon,Rosato,JordonRosato84339@perftest.com,7525 Cantrell Rd,,Little Rock,AR,72207,US
Stephane,Baraby,StephaneBaraby80117@perftest.com,1801 E Parks Hwy,,Wasilla,AK,99654,US
Becki,Mauro,BeckiMauro77406@perftest.com,15029 N Thompson Peak Pkwy ,suite B125,Scottsdale,AZ,85260,US
Mitsue,Amaro,MitsueAmaro01439@perftest.com,15029 N Thompson Peak Pkwy ,Ste B125,Scottsdale,AZ,85260,US
Dong,Wilkey,DongWilkey91157@perftest.com,16301 Chenal Pkwy,Ste 300,Little Rock,AR,72223,US
Vernon,Kushiner,VernonKushiner61839@perftest.com,3860 W Happy Valley Rd,Ste 100,Glendale,AZ,85310,US
Celeste,Feazel,CelesteFeazel39618@perftest.com,345 S Colonial Dr,,Alabaster,AL,35007,US
Dahlia,Ammirati,DahliaAmmirati57067@perftest.com,1615 Stanley St,,New Britain,CT,6053,US
Maddie,Hubbartt,MaddieHubbartt65887@perftest.com,1801 E Parks Hwy,,Wasilla,AK,99654,US
Cliff,Kennis,CliffKennis27414@perftest.com,2754 Legends Pkwy,,Prattville,AL,36066,US
Caitlin,Porres,CaitlinPorres64678@perftest.com,3575a Berlin Tpke,,Newington,CT,6111,US
Walker,Delenick,WalkerDelenick01860@perftest.com,1615 Stanley St,,New Britain,CT,6053,US
Hortensia,Cockerham,HortensiaCockerham33659@perftest.com,2588 Cobbs Ford Rd,,Prattville,AL,36066,US
Londa,Ingala,LondaIngala92331@perftest.com,2171 Kent Dairy Rd,,Alabaster,AL,35007,US
Drucilla,Saia,DrucillaSaia58637@perftest.com,3101 Aerial Way,,Spring Hill,FL,34604,US
Fonda,Cangemi,FondaCangemi95863@perftest.com,1481 N Dupont Hwy,,Dover,DE,19901,US
Shayna,Somji,ShaynaSomji59640@perftest.com,190 John Hunn Brown Rd,,Dover,DE,19901,US
Sherron,Roers,SherronRoers00088@perftest.com,4401 Commercial Way,,Spring Hill,FL,34606,US
Elmer,Hotze,ElmerHotze86053@perftest.com,13163 Cortez Blvd,,Brooksville,FL,34613,US
Fredrick,Douet,FredrickDouet14303@perftest.com,2300 Grand Cypress Dr,Ste 101,Lutz,FL,33559,US
Alberto,Mongue,AlbertoMongue71500@perftest.com,774 Ga Highway 96,,Bonaire,GA,31005,US
Tova,Issa,TovaIssa24323@perftest.com,4401 Commercial Way,,Spring Hill,FL,34606,US
Susanne,Blomme,SusanneBlomme64189@perftest.com,438 Kilauea Ave,,Hilo,HI,96720,US
Janette,Spurgers,JanetteSpurgers97518@perftest.com,3094 Watson Blvd,,Warner Robins,GA,31093,US
Izetta,Keinonen,IzettaKeinonen66206@perftest.com,774 Ga Highway 96,,Bonaire,GA,31005,US
Rosalva,Manolis,RosalvaManolis79597@perftest.com,4640 Forsyth Rd,,Macon,GA,31210,US
Kymberly,Reeves,KymberlyReeves36172@perftest.com,391 E Makaala St,,Hilo,HI,96720,US
Darell,Corseri,DarellCorseri82990@perftest.com,491 Sun Valley Rd,,Ketchum,ID,83340,US
Lang,Kofron,LangKofron98308@perftest.com,391 E Makaala St,,Hilo,HI,96720,US
Karlyn,Wieseler,KarlynWieseler06066@perftest.com,1797 W State St,,Boise,ID,83702,US
Yvone,Rumschlag,YvoneRumschlag02247@perftest.com,911 N Main St,,Hailey,ID,83333,US
Pearlene,Hornbeak,PearleneHornbeak13977@perftest.com,1100 S Broadway Ave,,Boise,ID,83706,US
Amberly,Groby,AmberlyGroby94441@perftest.com,307 S Veterans Pkwy,Ste 510,Normal,IL,61761,US
Charlyn,Kaesemeyer,CharlynKaesemeyer37800@perftest.com,911 N Main St,,Hailey,ID,83333,US
Bernadine,Warburton,BernadineWarburton74409@perftest.com,307 S Veterans Pkwy,Ste 510,Normal,IL,61761,US
Sierra,Grover,SierraGrover25176@perftest.com,6320 Intech Commons Dr,,Indianapolis,IN,46278,US
Lindsay,Mustache,LindsayMustache43772@perftest.com,2302 Lincoln Way,,Ames,IA,50014,US
Lawerence,Roten,LawerenceRoten85832@perftest.com,6365 I-55 N,,Jackson,MS,39213,US
Loyd,Staggers,LoydStaggers08479@perftest.com,1187 Polaris Pkwy,,Columbus,OH,43240,US
Gary,Whitheld,GaryWhitheld49633@perftest.com,2200 N Maple Ave,Unit 609,Rapid City,SD,57701,US
Joseph,Hynds,JosephHynds86578@perftest.com,3000 Charleston Town Ctr,Ste k-15,Charleston,WV,25389,US
Samira,Trilling,SamiraTrilling40106@perftest.com,364 Edmond St,,Ketchikan,AK,99901-6402,US
Natisha,Boustead,NatishaBoustead48785@perftest.com,2216 Schiller Ave,,Wilmette,IL,60091-2328,US
Lyn,Romo,LynRomo73201@perftest.com,960 Hastings St,,Baldwin,NY,11510-4738,US
Karan,Alessandrini,KaranAlessandrini12252@perftest.com,4050 Back Woods Rd,,Westminster,MD,21158-2407,US
Deena,Brownfield,DeenaBrownfield69733@perftest.com,325 W Aaron Dr,,State College,PA,16803-3045,US
