Princess,Beas,PrincessBeas38325@perftest.com,5347 N Blackstone Ave,Ste 101,Fresno,CA,93710,US
Arie,Kleppen,ArieKleppen43616@perftest.com,6815 N Academy Blvd,,Colorado Springs,CO,80918,US
Jonathan,Busbin,JonathanBusbin03964@perftest.com,5347 N Blackstone Ave,Ste 101,Fresno,CA,93710,US
Debi,Fifer,DebiFifer03269@perftest.com,779 Herndon 103,,Clovis,CA,93612,US
Tyrell,Farenbaugh,TyrellFarenbaugh10176@perftest.com,3104 W Colorado Ave,,Colorado Springs,CO,80904,US
Wilburn,Mogus,WilburnMogus48046@perftest.com,7525 Cantrell Rd,,Little Rock,AR,72207,US
Morris,Basel,MorrisBasel89628@perftest.com,5375 Farwell place,,Fremont,CA,94536,US
Sallie,Northrup,SallieNorthrup92153@perftest.com,4465 Centennial Blvd,,Colorado Springs,CO,80907,US
Roxy,Schimandle,RoxySchimandle18393@perftest.com,105 Commons Dr,,Maumelle,AR,72113,US
Ryan,Precise,RyanPrecise94503@perftest.com,12901 Cantrell Rd,,Little Rock,AR,72223,US
Lorenzo,Brister,LorenzoBrister27441@perftest.com,15029 N Thompson Peak Pkwy ,suite B125,Scottsdale,AZ,85260,US
See,Ditch,SeeDitch72755@perftest.com,15029 N Thompson Peak Pkwy ,Ste B125,Scottsdale,AZ,85260,US
Emanuel,Weinrich,EmanuelWeinrich21929@perftest.com,1801 E Parks Hwy,,Wasilla,AK,99654,US
Faustino,Rand,FaustinoRand56585@perftest.com,16301 Chenal Pkwy,Ste 300,Little Rock,AR,72223,US
Louis,Mims,LouisMims41862@perftest.com,3860 W Happy Valley Rd,Ste 100,Glendale,AZ,85310,US
Kati,Rothchild,KatiRothchild12921@perftest.com,11121 N Rodney Parham Rd,Ste 18b,Little Rock,AR,72212,US
Carlene,Spratlen,CarleneSpratlen97485@perftest.com,1801 E Parks Hwy,,Wasilla,AK,99654,US
Annmarie,Bergeman,AnnmarieBergeman72897@perftest.com,2171 Kent Dairy Rd,,Alabaster,AL,35007,US
Zachery,Cogswell,ZacheryCogswell79131@perftest.com,345 S Colonial Dr,,Alabaster,AL,35007,US
Israel,Howlett,IsraelHowlett68557@perftest.com,2754 Legends Pkwy,,Prattville,AL,36066,US
Earleen,Deeken,EarleenDeeken04747@perftest.com,190 John Hunn Brown Rd,,Dover,DE,19901,US
Eddie,Erath,EddieErath44360@perftest.com,1615 Stanley St,,New Britain,CT,6053,US
Bree,Kauk,BreeKauk98133@perftest.com,1481 N Dupont Hwy,,Dover,DE,19901,US
Kelsie,Gividen,KelsieGividen88114@perftest.com,3101 Aerial Way,,Spring Hill,FL,34604,US
Ciera,Duberry,CieraDuberry41423@perftest.com,4401 Commercial Way,,Spring Hill,FL,34606,US
Jay,Catching,JayCatching46735@perftest.com,4401 Commercial Way,,Spring Hill,FL,34606,US
Alecia,Kagimoto,AleciaKagimoto78505@perftest.com,2300 Grand Cypress Dr,Ste 101,Lutz,FL,33559,US
Felton,Muraco,FeltonMuraco61240@perftest.com,13163 Cortez Blvd,,Brooksville,FL,34613,US
Meghann,Burwick,MeghannBurwick02129@perftest.com,774 Ga Highway 96,,Bonaire,GA,31005,US
Fae,Kalt,FaeKalt90259@perftest.com,774 Ga Highway 96,,Bonaire,GA,31005,US
Margert,Phillippi,MargertPhillippi51863@perftest.com,4640 Forsyth Rd,,Macon,GA,31210,US
Edwina,Rodvold,EdwinaRodvold89843@perftest.com,438 Kilauea Ave,,Hilo,HI,96720,US
Lakita,Cardone,LakitaCardone33268@perftest.com,3094 Watson Blvd,,Warner Robins,GA,31093,US
Chrystal,Zacherl,ChrystalZacherl40401@perftest.com,391 E Makaala St,,Hilo,HI,96720,US
Avril,Daddario,AvrilDaddario18251@perftest.com,1797 W State St,,Boise,ID,83702,US
Karri,Flugence,KarriFlugence82980@perftest.com,391 E Makaala St,,Hilo,HI,96720,US
Verda,Jonason,VerdaJonason06836@perftest.com,491 Sun Valley Rd,,Ketchum,ID,83340,US
Gus,Biggerstaff,GusBiggerstaff35701@perftest.com,1100 S Broadway Ave,,Boise,ID,83706,US
Melody,Vein,MelodyVein38578@perftest.com,911 N Main St,,Hailey,ID,83333,US
Manual,Rajewski,ManualRajewski27232@perftest.com,307 S Veterans Pkwy,Ste 510,Normal,IL,61761,US
Theo,Giardini,TheoGiardini28943@perftest.com,911 N Main St,,Hailey,ID,83333,US
Tai,Mirelez,TaiMirelez05318@perftest.com,1715 Bradford Ln,Ste 100,Normal,IL,61761,US
Farrah,Perdew,FarrahPerdew38728@perftest.com,307 S Veterans Pkwy,Ste 510,Normal,IL,61761,US
Anibal,Christenson,AnibalChristenson49832@perftest.com,5710 W 86th St,,Indianapolis,IN,46278,US
Martina,Dekruif,MartinaDekruif09931@perftest.com,6320 Intech Commons Dr,,Indianapolis,IN,46278,US
Yon,Schuner,YonSchuner42476@perftest.com,10460 N Michigan Rd,Ste 100,Carmel,IN,46032,US
Tomoko,Tonner,TomokoTonner04370@perftest.com,327 Lincoln Way,,Ames,IA,50010,US
Denny,Mcmonigle,DennyMcmonigle23605@perftest.com,10401 N Michigan Rd,,Carmel,IN,46032,US
Beau,Engdahl,BeauEngdahl03891@perftest.com,320 S Duff Ave,,Ames,IA,50010,US
Porsha,Lindholm,PorshaLindholm80927@perftest.com,640 Lincoln Way,,Ames,IA,50010,US
Sheena,Beserra,SheenaBeserra49275@perftest.com,2302 Lincoln Way,,Ames,IA,50014,US
Ezra,Mokriski,EzraMokriski05375@perftest.com,2315 S 9th St,,Salina,KS,67401,US
Shan,Shimek,ShanShimek17714@perftest.com,1140 W Oak St,Ste Sr-334,Zionsville,IN,46077,US
Napoleon,Hypes,NapoleonHypes25360@perftest.com,228 S Clinton St,,Iowa City,IA,52240,US
Heide,Happe,HeideHappe40627@perftest.com,1502 E 17th Ave,,Hutchinson,KS,67501,US
Dorcas,Rindone,DorcasRindone57017@perftest.com,2125 N 9th St,,Salina,KS,67401,US
Martin,Godde,MartinGodde65875@perftest.com,102 W John Rowan Blvd,,Bardstown,KY,40004,US
Vita,Kasper,VitaKasper76794@perftest.com,10222 W 21st,St N,Wichita,KS,67205,US
Rolande,Theard,RolandeTheard00552@perftest.com,3401 Bardstown Rd,,Louisville,KY,40218,US
Bobbye,Deprince,BobbyeDeprince38304@perftest.com,1907 W Pinhook Rd,,Lafayette,LA,70508,US
Jacqulyn,Biddlecome,JacqulynBiddlecome24044@perftest.com,3009 College Dr,,Baton Rouge,LA,70808,US
Jody,Lassere,JodyLassere31650@perftest.com,3009 College Dr,,Baton Rouge,LA,70808,US
Stan,Pachew,StanPachew28893@perftest.com,2 Waterville Commons Dr,,Waterville,ME,4901,US
Artie,Rybinski,ArtieRybinski14994@perftest.com,38 Bangor Mall Blvd,,Bangor,ME,4401,US
Kristy,Khim,KristyKhim38223@perftest.com,3924 Town Center Blvd,,Bowie,MD,20716,US
Herbert,Collums,HerbertCollums99104@perftest.com,60 Longview Dr,,Bangor,ME,4401,US
Jame,Buchar,JameBuchar70921@perftest.com,4100 Northview Dr,,Bowie,MD,20716,US
Keva,Bynon,KevaBynon00043@perftest.com,4600 Mitchellville Rd,,Bowie,MD,20716,US
Yen,Fallago,YenFallago88137@perftest.com,15480 Annapolis Rd,Ste 207,Bowie,MD,20715,US
Vonnie,Sarver,VonnieSarver80129@perftest.com,250 Fortune Blvd,,Milford,MA,1757,US
Diego,Bafford,DiegoBafford68488@perftest.com,85 W Main St,,Hopkinton,MA,1748,US
Lanita,Telford,LanitaTelford45443@perftest.com,67a Main St,Unit 104,Medway,MA,2053,US
Eileen,Eisenbeis,EileenEisenbeis74579@perftest.com,1201 S State St,,Big Rapids,MI,49307,US
Joleen,Kaupu,JoleenKaupu41421@perftest.com,3130 S Airport Rd W,,Traverse City,MI,49684,US
Bettyann,Goike,BettyannGoike21599@perftest.com,103 E Preston Rd,,Mount Pleasant,MI,48858,US
Isela,Tallent,IselaTallent51405@perftest.com,14546 Dellwood Dr,,Baxter,MN,56425,US
Robt,Blazosky,RobtBlazosky55473@perftest.com,124 2nd St S,,Waite Park,MN,56387,US
Ericka,Mccade,ErickaMccade62611@perftest.com,170 Promenade Blvd,,Flowood,MS,x`,US
Shawna,Stofer,ShawnaStofer95009@perftest.com,1220 E Northside Dr,Ste 260,Jackson,MS,39211,US
Stepanie,Mbonu,StepanieMbonu38627@perftest.com,990 Highland Colony Pkwy,,Ridgeland,MS,39157,US
Ermelinda,Zinno,ErmelindaZinno73377@perftest.com,6365 I-55 N,,Jackson,MS,39213,US
Rogelio,Dippolito,RogelioDippolito67248@perftest.com,3880 Highway D,,Osage Beach,MO,65065,US
Barb,Jahnel,BarbJahnel66387@perftest.com,6365 I-55 N,,Jackson,MS,39213,US
Kirstin,Metsker,KirstinMetsker24592@perftest.com,3815 Osage Beach Pkwy,Ste B5,Osage Beach,MO,65065,US
Brad,Gilden,BradGilden51505@perftest.com,3721 W Truman Blvd,,Jefferson City,MO,65109,US
Shavon,Brave,ShavonBrave31783@perftest.com,605 E Nifong Blvd,,Columbia,MO,65201,US
Perla,Macdonald,PerlaMacdonald43262@perftest.com,1000 10th Ave S,,Great Falls,MT,59405,US
Yi,Chidester,YiChidester41914@perftest.com,3157 10th Ave S,,Great Falls,MT,59405,US
Elois,Smithj,EloisSmithj75025@perftest.com,2000 10th Ave S,,Great Falls,MT,59405,US
Dewey,Brola,DeweyBrola49743@perftest.com,3721 W Truman Blvd,,Jefferson City,MO,65109,US
Gabriella,Speroni,GabriellaSperoni44664@perftest.com,1765 N 19th Ave,,Bozeman,MT,59718,US
Karyn,Hargens,KarynHargens02379@perftest.com,4800 3rd Ave,,Kearney,NE,68845,US
Chaya,Anreozzi,ChayaAnreozzi30510@perftest.com,1414 3rd St NW,,Great Falls,MT,59404,US
Ophelia,Hall,OpheliaHall00824@perftest.com,2020 S Jeffers St,,North Platte,NE,69101,US
Marchelle,Carnevale,MarchelleCarnevale63017@perftest.com,206 WilmAR Ave,Ste 1,Grand Island,NE,68803,US
Hien,Calandra,HienCalandra22058@perftest.com,3911 S Lincoln Ave,,York,NE,68467,US
Elijah,Weekley,ElijahWeekley89509@perftest.com,1201 P St,,Lincoln,NE,68508,US
Mildred,Emberger,MildredEmberger05802@perftest.com,2065 Idaho St,,Elko,NV,89801,US
Chester,Zilka,ChesterZilka35115@perftest.com,1201 Penny Ln,Ste 180,Fernley,NV,89408,US
Rosenda,Stambaugh,RosendaStambaugh52812@perftest.com,1201 Penny Ln,Ste 180,Fernley,NV,89408,US
Ethan,Konopski,EthanKonopski04159@perftest.com,120 Laconia Rd,Ste 100,Tilton,NH,3276,US
Micheal,Marcoguisepp,MichealMarcoguisepp87136@perftest.com,282 Los Altos Pkwy,Ste 106,Sparks,NV,89436,US
Adina,Buboltz,AdinaBuboltz61439@perftest.com,200 Uncle Petes Rd,,Trenton,NJ,8691,US
Emerson,Wedwick,EmersonWedwick07736@perftest.com,11 Andrews Rd,,Somersworth,NH,3878,US
Hisako,Cantero,HisakoCantero98103@perftest.com,240 Loudon Rd,,Concord,NH,3301,US
Lynette,West,LynetteWest25008@perftest.com,200 Uncle Petes Rd,,Trenton,NJ,8691,US
Douglass,Fortier,DouglassFortier63842@perftest.com,282 Dunns Mill Rd,,Bordentown,NJ,8505,US
Tenisha,Delisser,TenishaDelisser16883@perftest.com,111 Eubank Blvd SE,,Albuquerque,NM,87123,US
Corinna,Mielsch,CorinnaMielsch89433@perftest.com,2083 Lawrence Rd,,Lawrenceville,NJ,8648,US
Edward,Gacad,EdwardGacad28304@perftest.com,3400 Central Ave SE,,Albuquerque,NM,87106,US
Angelo,Cippina,AngeloCippina43714@perftest.com,2905 S Horner Blvd,,Sanford,NC,27332,US
Nia,Baldacchino,NiaBaldacchino49723@perftest.com,111 Eubank Blvd SE,,Albuquerque,NM,87123,US
Hugh,Sarconi,HughSarconi92242@perftest.com,2801 Eubank Blvd NE,Ste 2,Albuquerque,NM,87112,US
Colby,Axsom,ColbyAxsom07595@perftest.com,2498 Broadway,,New York,NY,10025,US
Kate,Heckathorn,KateHeckathorn12660@perftest.com,1015 Parkside Main St,,Cary,NC,27519,US
Keli,Caffey,KeliCaffey83025@perftest.com,1107 Walnut St,Ste 102,Cary,NC,27511,US
Elma,Ohmie,ElmaOhmie50766@perftest.com,1229 W Century Ave,,Bismarck,ND,58503,US
Lin,Marthaler,LinMarthaler07627@perftest.com,600 S 7th St,,Bismarck,ND,58504,US
Kenisha,Rifai,KenishaRifai65959@perftest.com,600 S 7th St,,Bismarck,ND,58504,US
Hassan,Hesselman,HassanHesselman57904@perftest.com,533 S State St,,Westerville,OH,43081,US
Billi,Hipolito,BilliHipolito33580@perftest.com,1740 Columbus Pike,Ste A,Delaware,OH,43015,US
Laurena,Leatherberry,LaurenaLeatherberry34768@perftest.com,2124 N 12th St,,Bismarck,ND,58501,US
Raguel,Bouges,RaguelBouges99812@perftest.com,2929 E Memorial Rd,,Edmond,OK,73013,US
Louis,Louthen,LouisLouthen36836@perftest.com,1187 Polaris Pkwy,,Columbus,OH,43240,US
Vince,Gloor,VinceGloor09646@perftest.com,1780 22nd Ave SW,,Minot,ND,58701,US
Barry,Jorski,BarryJorski04570@perftest.com,2116 W Memorial Rd,,Oklahoma City,OK,73134,US
Ileen,Motton,IleenMotton27470@perftest.com,6430 Avondale Dr,,Oklahoma City,OK,73116,US
Lucien,Carden,LucienCarden84798@perftest.com,1590 NE 3rd St,Ste 1,Prineville,OR,97754,US
Dominick,Malinovsky,DominickMalinovsky43440@perftest.com,555 Main St,,East Greenwich,RI,2818,US
Novella,Masloski,NovellaMasloski80830@perftest.com,13924 N Pennsylvania Ave,,Oklahoma City,OK,73134,US
Lilliam,Preece,LilliamPreece66301@perftest.com,212 Thames St,,Newport,RI,2840,US
Marc,Reineman,MarcReineman68155@perftest.com,583 NE Bellevue Dr,,Bend,OR,97701,US
Michele,Klaft,MicheleKlaft02038@perftest.com,1370 Ten Rod Rd,,N Kingstown,RI,2852,US
Raymon,Steinhauer,RaymonSteinhauer11113@perftest.com,1400 SW Canal Blvd,Ste 101,Redmond,OR,97756,US
Buffy,Purifoy,BuffyPurifoy67747@perftest.com,812 NW Wall St,,Bend,OR,97703,US
Sherrell,Benne,SherrellBenne06752@perftest.com,747 Saluda Ave,,Columbia,SC,29205,US
Tammara,Schmader,TammaraSchmader00730@perftest.com,747 Saluda Ave,,Columbia,SC,29205,US
Temeka,Flieller,TemekaFlieller98411@perftest.com,2200 N Maple Ave,Unit 609,Rapid City,SD,57701,US
Monet,Riles,MonetRiles73850@perftest.com,2100n Broadway Ave,,Yankton,SD,57078,US
Bradford,Starring,BradfordStarring32757@perftest.com,1611 Alumni Dr,,Murfreesboro,TN,37132,US
Dortha,Guritz,DorthaGuritz49179@perftest.com,1641 Memorial Blvd,,Murfreesboro,TN,37129,US
Tristan,Dalporto,TristanDalporto54581@perftest.com,2935 S Rutherford Blvd,,Murfreesboro,TN,37130,US
Ahmad,Peredz,AhmadPeredz40895@perftest.com,1283 E Draper Pkwy,,Draper,UT,84020,US
Tam,Nabritt,TamNabritt49920@perftest.com,2050 Lascassas Pike,,Murfreesboro,TN,37130,US
Heidi,Tortorelli,HeidiTortorelli23938@perftest.com,575 E 1000 N,,Spanish Fork,UT,84660,US
Kerstin,Elizabeth,KerstinElizabeth29552@perftest.com,725 E University Pkwy,,Orem,UT,84097,US
Reid,Mohrbacher,ReidMohrbacher20324@perftest.com,1641 Memorial Blvd,,Murfreesboro,TN,37129,US
Coralee,Shelden,CoraleeShelden51183@perftest.com,580 Shelburne Rd,Ste 9,Burlington,VT,5401,US
Kimbery,Vondran,KimberyVondran25017@perftest.com,1150 Williston Rd,Unit 2,South Burlington,VT,5403,US
Luann,Gularte,LuannGularte19176@perftest.com,3911 Wards Rd,Ste A,Lynchburg,VA,24502,US
Nathan,Frederick,NathanFrederick62779@perftest.com,2951 W Clubhouse Dr,Ste A,Lehi,UT,84043,US
Chantal,Merring,ChantalMerring53853@perftest.com,501 N Miller St,,Wenatchee,WA,98801,US
Karen,Engblom,KarenEngblom64254@perftest.com,830 N State St,,Orem,UT,84057,US
Otha,Yorgey,OthaYorgey00128@perftest.com,241 Emily Dr,Ste A,Clarksburg,WV,26301,US
Lyman,Mendel,LymanMendel34878@perftest.com,500 Valley Mall Pkwy,Ste A,East Wenatchee,WA,98802,US
Nicolette,Moilanen,NicoletteMoilanen23150@perftest.com,163 Community St,,Charlottesville,VA,22911,US
Deja,Valesquez,DejaValesquez21868@perftest.com,3000 Charleston Town Ctr,Ste k-15,Charleston,WV,25389,US
Harriett,Arniotes,HarriettArniotes74071@perftest.com,120 Crossroads Dr,,Plover,WI,54467,US
Kiera,Proby,KieraProby20275@perftest.com,4728 Rib Mountain Dr,,Wausau,WI,54401,US
Loise,Schwerin,LoiseSchwerin83184@perftest.com,3000 Charleston Town Ctr,Ste k-15,Charleston,WV,25389,US
Bryanna,Gregware,BryannaGregware48176@perftest.com,30 R H L Blvd,,Charleston,WV,25309,US
Suzan,Boespflug,SuzanBoespflug89551@perftest.com,306 S 17th Ave,,Wausau,WI,54401,US
Charleen,Burkette,CharleenBurkette28612@perftest.com,4003 Cy Ave,,Casper,WY,82604,US
Shanda,Ursini,ShandaUrsini55884@perftest.com,560 N Center St,,Casper,WY,82601,US
Cherilyn,Saulters,CherilynSaulters30537@perftest.com,4585 E 2nd St,,Casper,WY,82609,US
Delaine,Cristobal,DelaineCristobal11045@perftest.com,4339 W Wisconsin Ave,,Appleton,WI,54913,US
Lewis,Crognale,LewisCrognale06706@perftest.com,300 SE Wyoming Blvd,,Casper,WY,82609,US
Paul,Mensch,PaulMensch27954@perftest.com,364 Edmond St,,Ketchikan,AK,99901-6402,US
Lady,Moala,LadyMoala90773@perftest.com,17115 N Suncrest Dr,,Nine Mile Fls,WA,99026-9473,US
Marcos,Golaszewski,MarcosGolaszewski50863@perftest.com,608 Tecumseh St,,La Porte,IN,46350-4247,US
Dominque,Satomba,DominqueSatomba30824@perftest.com,3193 Rochester Rd,,Troy,MI,48083-5449,US
Marin,Yutzy,MarinYutzy01460@perftest.com,1165 Main St,,Lander,WY,82520,US
Mechelle,Harkless,MechelleHarkless84287@perftest.com,2430 Welbilt Blvd,,Trinity,FL,34655-4401,US
Maryellen,Aitkins,MaryellenAitkins02213@perftest.com,Municipal Bldg 430 Park Ave,,Scotch Plains,NJ,07076-0000,US
Eladia,Leasor,EladiaLeasor61326@perftest.com,4415 Loraine St Ne,,Cedar Rapids,IA,52402-2137,US
Lon,Bodor,LonBodor15749@perftest.com,2216 Schiller Ave,,Wilmette,IL,60091-2328,US
Dean,Mittiga,DeanMittiga46164@perftest.com,8891 Sunscape Ln,,Boca Raton,FL,33496-5089,US
Armand,Holtrop,ArmandHoltrop57200@perftest.com,1159 W 51st St,,Chicago,IL,60609-5005,US
Caleb,Dangerfield,CalebDangerfield97800@perftest.com,16015 Sw 150th St,,Miami,FL,33196-6559,US
Timothy,Dassow,TimothyDassow85609@perftest.com,891 E 149th St,,Cleveland,OH,44110-3723,US
Alina,Bridgewater,AlinaBridgewater05486@perftest.com,4953 Florence Ave,,Downers Grove,IL,60515-3916,US
Alton,Forbes,AltonForbes98767@perftest.com,1530 Jackson Ave,,River Forest,IL,60305-1114,US
Mercy,Palay,MercyPalay70309@perftest.com,7500 Willow Rd,,NMandan,ND,58554-5410,US
Brain,Saleeby,BrainSaleeby21577@perftest.com,4954 Pete Nation Rd,,Starks,LA,70661-4024,US
Deneen,Ellert,DeneenEllert64899@perftest.com,1724 Spring Dr,,Louisville,KY,40205-1325,US
Lauren,Bolivar,LaurenBolivar01238@perftest.com,2411 Spring Ave,,New Albany,IN,47150-1546,US
Adam,Burdick,AdamBurdick04426@perftest.com,208 Weymouth St,,Cambria,CA,93428-2348,US
Franchesca,Roof,FranchescaRoof15029@perftest.com,4117 Verona Rd,,South Euclid,OH,44121-3109,US
Aliza,Palfreyman,AlizaPalfreyman63447@perftest.com,471 E College Ave,,Westerville,OH,43081-1797,US
Shakia,Hector,ShakiaHector68354@perftest.com,13788 Conway Rd,,Saint Louis,MO,63141-7236,US
Stanford,Kulback,StanfordKulback59077@perftest.com,54 S Grove Ave,,Elgin,IL,60120-6404,US
Trinidad,Erpelding,TrinidadErpelding64391@perftest.com,2435 Suffolk Ln,,Joliet,IL,60433-1627,US
Siu,Duquaine,SiuDuquaine08053@perftest.com,4 Penny Ln,,Cedar Crest,NM,87008-9723,US
Camila,Avrett,CamilaAvrett11517@perftest.com,9943 Harriet Ave S,,Bloomington,MN,55420-4724,US
Gerald,Shutts,GeraldShutts75774@perftest.com,15 Old Farm Rd,,Granville,OH,43023-9568,US
Marquitta,Mckissick,MarquittaMckissick15455@perftest.com,10860 Killdeer St Nw,,Coon Rapids,MN,55433-4237,US
Sherrill,Formhals,SherrillFormhals44509@perftest.com,953 48th St,,Brooklyn,NY,11219-2919,US
Ione,Garia,IoneGaria44628@perftest.com,2035 Raible Ave,,Anderson,IN,46011-4139,US
Cleta,Ellenbecker,CletaEllenbecker88423@perftest.com,20 E Liberty Ln,,Danville,IL,61832-1441,US
Catherina,Abdullai,CatherinaAbdullai08277@perftest.com,7014 Foxglove Trl,,Sachse,TX,75048-2106,US
Laronda,Peles,LarondaPeles38505@perftest.com,100 S Church Ave,,Tucson,AZ,85701-1631,US
Lavonda,Boveja,LavondaBoveja72249@perftest.com,960 Hastings St,,Baldwin,NY,11510-4738,US
Norman,Buley,NormanBuley87280@perftest.com,522 Homestead Blvd,,Price,UT,84501-2261,US
Cesar,Roseberry,CesarRoseberry75710@perftest.com,150 Laager Loop,,Bozeman,MT,59715-3292,US
Audrey,Feast,AudreyFeast02239@perftest.com,1701 Birch Rd,,Pasco,WA,99301-8861,US
Donya,Leversee,DonyaLeversee25308@perftest.com,209 E Sessions Ave,,Lake Wales,FL,33853-0000,US
Brandon,Coggsdale,BrandonCoggsdale88679@perftest.com,3900 Pelican Way,,Oxnard,CA,93035-4367,US
Elin,Salahubdin,ElinSalahubdin09416@perftest.com,281 Baker St,,Corning,NY,14830-1621,US
Kathrin,Magnan,KathrinMagnan93358@perftest.com,4050 Back Woods Rd,,Westminster,MD,21158-2407,US
Frances,Schwebach,FrancesSchwebach98116@perftest.com,325 W Aaron Dr,,State College,PA,16803-3045,US
Paulette,Herandez,PauletteHerandez91984@perftest.com,325 W Aaron Dr,,State College,PA,16803-3045,US
Yuko,Liversedge,YukoLiversedge33954@perftest.com,1301 W Fredonia Ave,,Peoria,IL,61606-2406,US
Delmar,Laughead,DelmarLaughead79316@perftest.com,29712 Sylvan Dr,,Willowick,OH,44095-4512,US
Scotty,Dutka,ScottyDutka45190@perftest.com,4365 Maynard Rd,,Delaware,OH,43015-8780,US
Shizue,Goettle,ShizueGoettle11452@perftest.com,11600 Partridge Run Ln,,Potomac,MD,20854-1218,US
Verena,Iacobucci,VerenaIacobucci53589@perftest.com,3100 25th St,,Tuscaloosa,AL,35401-5314,US
Isis,Bastidos,IsisBastidos45643@perftest.com,280 Calkins Rd,,Rochester,NY,14623-4210,US
Brinda,Chieves,BrindaChieves66604@perftest.com,22 Tyler St,,Hobart,IN,46342-1055,US
Tamela,Limage,TamelaLimage49951@perftest.com,41 Warren St,,Roxbury,MA,02119-3235,US
Maryam,Koppinger,MaryamKoppinger83758@perftest.com,1575 E River Rd 201,,Tucson,AZ,85718-5831,US
Norman,Neeley,NormanNeeley67436@perftest.com,702 Chapin St,,South Bend,IN,46601-2804,US
Maragret,Parde,MaragretParde11731@perftest.com,320 Bay Dr,,Massapequa,NY,11758-8144,US
Isa,Shub,IsaShub33260@perftest.com,301 Mellane Cir,,Orland,CA,95963-1505,US
Elina,Cornella,ElinaCornella45974@perftest.com,12731 E State Highway 47,,Cadet,MO,63630-9363,US
Kandace,Iwasaki,KandaceIwasaki22709@perftest.com,4119 Balcones Woods Dr,,Austin,TX,78759-5009,US
Nelly,Aleman,NellyAleman81483@perftest.com,711 W Chicago Ave,,East Chicago,IN,46312-3221,US
Jeannetta,Magrath,JeannettaMagrath77180@perftest.com,215 N 3rd St,,Wilsey,KS,66873-9653,US
Harriette,Gamet,HarrietteGamet91170@perftest.com,360 1st St,,Menasha,WI,54952-3041,US
Stormy,Hackler,StormyHackler50722@perftest.com,5287 Quarterdeck Ln,,San Diego,CA,92154-8583,US
Jacob,Dalessandro,JacobDalessandro14752@perftest.com,14493 Spid Suite A,,Corpus Christi,TX,78418-5939,US
Regenia,Baccari,RegeniaBaccari17529@perftest.com,21 Northridge Ln,,Lafayette,CA,94549-3146,US
Qiana,Hagger,QianaHagger48524@perftest.com,14545 Sherman Cir,,Van Nuys,CA,91405-3087,US
Traci,Cordero,TraciCordero12190@perftest.com,8 Morningstar Dr,,Stratham,NH,03885-2156,US
Tad,Angelillo,TadAngelillo12142@perftest.com,1405 Ne 92nd St,,Kansas City,MO,64155-3372,US
Anh,Foux,AnhFoux33860@perftest.com,3554 N 6th St,,Philadelphia,PA,19140-4506,US
Coy,Bohmker,CoyBohmker82361@perftest.com,14050 S 303rd East Ave,,Coweta,OK,74429-3081,US
Thanh,Rottman,ThanhRottman09267@perftest.com,10118 Cavalry Dr,,Fairfax,VA,22030-1916,US
Carla,Lasiter,CarlaLasiter69605@perftest.com,1900 E Bonanza Rd,,Las Vegas,NV,89101-3339,US
Delores,Rylowicz,DeloresRylowicz52468@perftest.com,601 2nd St,,Griswold,IA,51535-8082,US
Chastity,Nicewander,ChastityNicewander35857@perftest.com,4167 Sunflower Ct,,Union City,CA,94587-3922,US
Ria,Fallie,RiaFallie41697@perftest.com,10317 Xerxes Ave S,,Bloomington,MN,55431-3331,US
Latrisha,Watts,LatrishaWatts74125@perftest.com,1309 N Topeka St,,Wichita,KS,67214-2844,US
Opal,Zellars,OpalZellars02848@perftest.com,600 E 6th St,,New York,NY,10009-6851,US
Willia,Lickteig,WilliaLickteig06074@perftest.com,7738 S Hermitage Ave,,Chicago,IL,60620-4413,US
Miguel,Alfonzo,MiguelAlfonzo35900@perftest.com,1808 Opelika Rd,,Phenix City,AL,36867-3638,US
Carmon,Romain,CarmonRomain04625@perftest.com,4465 Centennial Blvd,,Colorado Springs,CO,80907,US
Blair,Cardno,BlairCardno85937@perftest.com,13788 Conway Rd,,Saint Louis,MO,63141-7236,US
Peggy,Minges,PeggyMinges27924@perftest.com,5375 Farwell place,,Fremont,CA,94536,US
Hermelinda,Abrew,HermelindaAbrew33975@perftest.com,6815 N Academy Blvd,,Colorado Springs,CO,80918,US
Tennille,Molchan,TennilleMolchan13800@perftest.com,5347 N Blackstone Ave,Ste 101,Fresno,CA,93710,US
Shawnta,Zagroba,ShawntaZagroba14917@perftest.com,3104 W Colorado Ave,,Colorado Springs,CO,80904,US
Corey,Kitchel,CoreyKitchel30915@perftest.com,5347 N Blackstone Ave,Ste 101,Fresno,CA,93710,US
Christiana,Skibbe,ChristianaSkibbe96806@perftest.com,779 Herndon 103,,Clovis,CA,93612,US
Hester,Barcena,HesterBarcena52692@perftest.com,12901 Cantrell Rd,,Little Rock,AR,72223,US
Katlyn,Genson,KatlynGenson53865@perftest.com,105 Commons Dr,,Maumelle,AR,72113,US
Vernon,Mashaw,VernonMashaw03248@perftest.com,3860 W Happy Valley Rd,Ste 100,Glendale,AZ,85310,US
Dong,Clowdus,DongClowdus19355@perftest.com,16301 Chenal Pkwy,Ste 300,Little Rock,AR,72223,US
Shirl,Minarik,ShirlMinarik26338@perftest.com,11121 N Rodney Parham Rd,Ste 18b,Little Rock,AR,72212,US
Jordon,Francesconi,JordonFrancesconi48366@perftest.com,7525 Cantrell Rd,,Little Rock,AR,72207,US
Becki,Blausey,BeckiBlausey90385@perftest.com,15029 N Thompson Peak Pkwy ,suite B125,Scottsdale,AZ,85260,US
Stephane,Terp,StephaneTerp09427@perftest.com,1801 E Parks Hwy,,Wasilla,AK,99654,US
Mitsue,Sweets,MitsueSweets37314@perftest.com,15029 N Thompson Peak Pkwy ,Ste B125,Scottsdale,AZ,85260,US
Londa,Garms,LondaGarms91436@perftest.com,2171 Kent Dairy Rd,,Alabaster,AL,35007,US
Celeste,Rutske,CelesteRutske77421@perftest.com,345 S Colonial Dr,,Alabaster,AL,35007,US
Maddie,Ahr,MaddieAhr07359@perftest.com,1801 E Parks Hwy,,Wasilla,AK,99654,US
Hortensia,Kreis,HortensiaKreis36505@perftest.com,2588 Cobbs Ford Rd,,Prattville,AL,36066,US
Cliff,Manross,CliffManross47570@perftest.com,2754 Legends Pkwy,,Prattville,AL,36066,US
Walker,Forcier,WalkerForcier65679@perftest.com,1615 Stanley St,,New Britain,CT,6053,US
Caitlin,Struchen,CaitlinStruchen39843@perftest.com,3575a Berlin Tpke,,Newington,CT,6111,US
Fonda,Drinen,FondaDrinen54320@perftest.com,1481 N Dupont Hwy,,Dover,DE,19901,US
Shayna,Myung,ShaynaMyung97488@perftest.com,190 John Hunn Brown Rd,,Dover,DE,19901,US
Dahlia,Piscopo,DahliaPiscopo27559@perftest.com,1615 Stanley St,,New Britain,CT,6053,US
Drucilla,Nanny,DrucillaNanny32967@perftest.com,3101 Aerial Way,,Spring Hill,FL,34604,US
Elmer,Althauser,ElmerAlthauser62367@perftest.com,13163 Cortez Blvd,,Brooksville,FL,34613,US
Sherron,Aipperspach,SherronAipperspach38753@perftest.com,4401 Commercial Way,,Spring Hill,FL,34606,US
Fredrick,Kasee,FredrickKasee92582@perftest.com,2300 Grand Cypress Dr,Ste 101,Lutz,FL,33559,US
Rosalva,Kleffner,RosalvaKleffner19671@perftest.com,4640 Forsyth Rd,,Macon,GA,31210,US
Kymberly,Templeton,KymberlyTempleton92200@perftest.com,391 E Makaala St,,Hilo,HI,96720,US
Tova,Degunya,TovaDegunya32266@perftest.com,4401 Commercial Way,,Spring Hill,FL,34606,US
Alberto,Edgman,AlbertoEdgman49422@perftest.com,774 Ga Highway 96,,Bonaire,GA,31005,US
Lang,Zien,LangZien68927@perftest.com,391 E Makaala St,,Hilo,HI,96720,US
Izetta,Cough,IzettaCough96361@perftest.com,774 Ga Highway 96,,Bonaire,GA,31005,US
Susanne,Martes,SusanneMartes03493@perftest.com,438 Kilauea Ave,,Hilo,HI,96720,US
Janette,Stelk,JanetteStelk44440@perftest.com,3094 Watson Blvd,,Warner Robins,GA,31093,US
Darell,Kritzer,DarellKritzer17500@perftest.com,491 Sun Valley Rd,,Ketchum,ID,83340,US
Karlyn,Turnmire,KarlynTurnmire60943@perftest.com,1797 W State St,,Boise,ID,83702,US
Pearlene,Dunnegan,PearleneDunnegan56306@perftest.com,1100 S Broadway Ave,,Boise,ID,83706,US
Yvone,Shikles,YvoneShikles41591@perftest.com,911 N Main St,,Hailey,ID,83333,US
Charlyn,Costilla,CharlynCostilla08615@perftest.com,911 N Main St,,Hailey,ID,83333,US
Bernadine,Boehlke,BernadineBoehlke38297@perftest.com,307 S Veterans Pkwy,Ste 510,Normal,IL,61761,US
Bret,Sautner,BretSautner03223@perftest.com,5710 W 86th St,,Indianapolis,IN,46278,US
Amberly,Ress,AmberlyRess38960@perftest.com,307 S Veterans Pkwy,Ste 510,Normal,IL,61761,US
Gregoria,Edmondson,GregoriaEdmondson70969@perftest.com,1715 Bradford Ln,Ste 100,Normal,IL,61761,US
Sierra,Backus,SierraBackus89618@perftest.com,6320 Intech Commons Dr,,Indianapolis,IN,46278,US
Isadora,Larman,IsadoraLarman50142@perftest.com,10460 N Michigan Rd,Ste 100,Carmel,IN,46032,US
Misty,Kudo,MistyKudo58904@perftest.com,10401 N Michigan Rd,,Carmel,IN,46032,US
Peter,Kennemer,PeterKennemer03205@perftest.com,320 S Duff Ave,,Ames,IA,50010,US
Prudence,Gramlich,PrudenceGramlich26132@perftest.com,1140 W Oak St,Ste Sr-334,Zionsville,IN,46077,US
Ji,Nathanson,JiNathanson97000@perftest.com,327 Lincoln Way,,Ames,IA,50010,US
Sharie,Krueth,SharieKrueth03599@perftest.com,640 Lincoln Way,,Ames,IA,50010,US
Lindsay,Markarian,LindsayMarkarian78824@perftest.com,2302 Lincoln Way,,Ames,IA,50014,US
