Abbey,Aadland,AbbeyAadland82570@perftest.com,0006201844
Aaron,Aaberg,AaronAaberg74516@perftest.com,0006201845
Abbie,Aagaard,AbbieAagaard63724@perftest.com,0006201848
Abdul,Aaland,AbdulAaland41391@perftest.com,0006201853
Abby,Aakre,AbbyAakre86903@perftest.com,0006201856
Abe,Aalbers,AbeAalbers25520@perftest.com,0006201859
Abel,Aalderink,AbelAalderink59868@perftest.com,0006201860
Abram,Aamot,AbramAamot01903@perftest.com,0006201866
Abraham,Aamodt,AbrahamAamodt09780@perftest.com,0006201865
Abigail,Aalund,AbigailAalund04444@perftest.com,0006201871
Adalberto,Aanerud,AdalbertoAanerud41793@perftest.com,0006201875
Ada,Aanderud,AdaAanderud58424@perftest.com,0006201876
Adaline,Aarant,AdalineAarant82775@perftest.com,0006201879
Adah,Aanenson,AdahAanenson84865@perftest.com,0006201884
Adam,Aarestad,AdamAarestad81296@perftest.com,0006201887
Adam,Aardema,AdamAardema50553@perftest.com,0006201890
Addie,Aaron,AddieAaron80610@perftest.com,0006201889
Adan,Aarhus,AdanAarhus64732@perftest.com,0006201894
Adela,Aarons,AdelaAarons83442@perftest.com,0006201895
Adelaida,Aaronson,AdelaidaAaronson37814@perftest.com,0006201902
Adelaide,Aarsvold,AdelaideAarsvold96845@perftest.com,0006201905
Adele,Aas,AdeleAas37070@perftest.com,0006201906
Adelia,Aasby,AdeliaAasby32730@perftest.com,0006201909
Adelina,Aase,AdelinaAase46083@perftest.com,0006201914
Adella,Abad,AdellaAbad28272@perftest.com,0006201917
Adelle,Abadi,AdelleAbadi06704@perftest.com,0006201920
Adeline,Aasen,AdelineAasen73199@perftest.com,0006201921
Adell,Aavang,AdellAavang14015@perftest.com,0006201924
Adena,Abadie,AdenaAbadie77451@perftest.com,0006201929
Adina,Abair,AdinaAbair65264@perftest.com,0006201930
Adolfo,Abaja,AdolfoAbaja36600@perftest.com,0006201935
Adria,Abalos,AdriaAbalos06301@perftest.com,0006201937
Adolph,Abajian,AdolphAbajian02972@perftest.com,0006201941
Adrian,Abaloz,AdrianAbaloz99504@perftest.com,0006201943
Adrian,Abar,AdrianAbar55192@perftest.com,0006201946
Adriana,Abarca,AdrianaAbarca41178@perftest.com,0006201949
Adriane,Abare,AdrianeAbare09701@perftest.com,0006201953
Adrianna,Abascal,AdriannaAbascal35209@perftest.com,0006201956
Adrianne,Abasta,AdrianneAbasta53449@perftest.com,0006201957
Adrien,Abate,AdrienAbate88846@perftest.com,0006201960
Adrienne,Abatiell,AdrienneAbatiell73132@perftest.com,0006201965
Afton,Abato,AftonAbato49792@perftest.com,0006201968
Adriene,Abati,AdrieneAbati86680@perftest.com,0006201967
Agatha,Abatti,AgathaAbatti25416@perftest.com,0006201971
Agripina,Abbadessa,AgripinaAbbadessa38725@perftest.com,0006201973
Agnes,Abaunza,AgnesAbaunza74688@perftest.com,0006201975
Agnus,Abaya,AgnusAbaya84046@perftest.com,0006201977
Agustin,Abbas,AgustinAbbas03974@perftest.com,0006201979
Agueda,Abbamonte,AguedaAbbamonte60589@perftest.com,0006201981
Agustina,Abbasi,AgustinaAbbasi67422@perftest.com,0006201983
Aaron,Aaberg,AaronAaberg68468@perftest.com,0006202029
Abbie,Aagaard,AbbieAagaard54744@perftest.com,0006202032
Abby,Aakre,AbbyAakre29081@perftest.com,0006202039
Abdul,Aaland,AbdulAaland47032@perftest.com,0006202043
Aaron,Aaberg,AaronAaberg24384@perftest.com,0006202075
Abbie,Aagaard,AbbieAagaard46499@perftest.com,0006202080
Abby,Aakre,AbbyAakre93887@perftest.com,0006202086
Abe,Aalbers,AbeAalbers55838@perftest.com,0006202089
Aaron,Aaby,AaronAaby26079@perftest.com,0006202210
Aaron,Aaberg,AaronAaberg04078@perftest.com,0006202211
Abbey,Aadland,AbbeyAadland12077@perftest.com,0006202212
Abbie,Aagaard,AbbieAagaard20167@perftest.com,0006202216
Abby,Aakre,AbbyAakre69639@perftest.com,0006202222
Abel,Aalderink,AbelAalderink66614@perftest.com,0006202225
Abdul,Aaland,AbdulAaland87267@perftest.com,0006202226
Abigail,Aalund,AbigailAalund94409@perftest.com,0006202229
Abe,Aalbers,AbeAalbers42651@perftest.com,0006202233
Abraham,Aamodt,AbrahamAamodt24899@perftest.com,0006202236
Abram,Aamot,AbramAamot56844@perftest.com,0006202240
Ada,Aanderud,AdaAanderud01203@perftest.com,0006202241
Adah,Aanenson,AdahAanenson62439@perftest.com,0006202246
Adalberto,Aanerud,AdalbertoAanerud60351@perftest.com,0006202247
Adaline,Aarant,AdalineAarant04756@perftest.com,0006202250
Adam,Aardema,AdamAardema62988@perftest.com,0006202256
Adam,Aarestad,AdamAarestad62146@perftest.com,0006202255
Adan,Aarhus,AdanAarhus37560@perftest.com,0006202259
Addie,Aaron,AddieAaron42485@perftest.com,0006202263
Adela,Aarons,AdelaAarons78793@perftest.com,0006202265
Adelaida,Aaronson,AdelaidaAaronson20557@perftest.com,0006202270
Adelaide,Aarsvold,AdelaideAarsvold49994@perftest.com,0006202272
Adele,Aas,AdeleAas20112@perftest.com,0006202274
Adelia,Aasby,AdeliaAasby94011@perftest.com,0006202278
Adelina,Aase,AdelinaAase21195@perftest.com,0006202282
Adeline,Aasen,AdelineAasen06087@perftest.com,0006202285
Adell,Aavang,AdellAavang73234@perftest.com,0006202287
Adella,Abad,AdellaAbad39648@perftest.com,0006202288
Adelle,Abadi,AdelleAbadi20761@perftest.com,0006202295
Adena,Abadie,AdenaAbadie64075@perftest.com,0006202294
Adolph,Abajian,AdolphAbajian71832@perftest.com,0006202300
Adolfo,Abaja,AdolfoAbaja89856@perftest.com,0006202302
Adina,Abair,AdinaAbair78825@perftest.com,0006202303
Adrian,Abaloz,AdrianAbaloz11480@perftest.com,0006202309
Adria,Abalos,AdriaAbalos17602@perftest.com,0006202310
Adrian,Abar,AdrianAbar42876@perftest.com,0006202315
Adriane,Abare,AdrianeAbare88414@perftest.com,0006202316
Adriana,Abarca,AdrianaAbarca75103@perftest.com,0006202319
Adrianna,Abascal,AdriannaAbascal39976@perftest.com,0006202324
Adrianne,Abasta,AdrianneAbasta10055@perftest.com,0006202326
Adrien,Abate,AdrienAbate86180@perftest.com,0006202330
Adriene,Abati,AdrieneAbati68074@perftest.com,0006202332
Adrienne,Abatiell,AdrienneAbatiell12949@perftest.com,0006202336
Afton,Abato,AftonAbato12562@perftest.com,0006202338
Agatha,Abatti,AgathaAbatti77778@perftest.com,0006202342
Agnes,Abaunza,AgnesAbaunza76274@perftest.com,0006202346
Agnus,Abaya,AgnusAbaya51021@perftest.com,0006202348
Agripina,Abbadessa,AgripinaAbbadessa79891@perftest.com,0006202350
Agueda,Abbamonte,AguedaAbbamonte61725@perftest.com,0006202352
Agustin,Abbas,AgustinAbbas90529@perftest.com,0006202354
Aaron,Aaby,AaronAaby61274@perftest.com,0006200384
Abbey,Aadland,AbbeyAadland06712@perftest.com,0006200385
Aaron,Aaberg,AaronAaberg22057@perftest.com,0006200386
Abbie,Aagaard,AbbieAagaard57464@perftest.com,0006200393
Abby,Aakre,AbbyAakre69078@perftest.com,0006200395
Abel,Aalderink,AbelAalderink02415@perftest.com,0006200400
Abe,Aalbers,AbeAalbers37458@perftest.com,0006200399
Abdul,Aaland,AbdulAaland87902@perftest.com,0006200405
Abigail,Aalund,AbigailAalund82232@perftest.com,0006200408
Abraham,Aamodt,AbrahamAamodt54134@perftest.com,0006200411
Abram,Aamot,AbramAamot39681@perftest.com,0006200414
Ada,Aanderud,AdaAanderud88459@perftest.com,0006200416
Adah,Aanenson,AdahAanenson77509@perftest.com,0006200420
Adalberto,Aanerud,AdalbertoAanerud38094@perftest.com,0006200423
Adaline,Aarant,AdalineAarant12647@perftest.com,0006200426
Adam,Aardema,AdamAardema38023@perftest.com,0006200429
Adam,Aarestad,AdamAarestad79204@perftest.com,0006200430
Adan,Aarhus,AdanAarhus17108@perftest.com,0006200435
Addie,Aaron,AddieAaron69495@perftest.com,0006200438
Adela,Aarons,AdelaAarons13156@perftest.com,0006200440
Adelaida,Aaronson,AdelaidaAaronson38507@perftest.com,0006200444
Adelaide,Aarsvold,AdelaideAarsvold37013@perftest.com,0006200446
Adele,Aas,AdeleAas59205@perftest.com,0006200448
Adelia,Aasby,AdeliaAasby70073@perftest.com,0006200450
Adelina,Aase,AdelinaAase03588@perftest.com,0006200452
Aaron,Aaberg,AaronAaberg55520@perftest.com,0006204235
Aaron,Aaberg,AaronAaberg99114@perftest.com,0006204239
Aaron,Aaby,AaronAaby63585@perftest.com,0006204240
Abbey,Aadland,AbbeyAadland23367@perftest.com,0006204245
Abbie,Aagaard,AbbieAagaard27801@perftest.com,0006204246
Aaron,Aaberg,AaronAaberg56539@perftest.com,0006204254
Aaron,Aaby,AaronAaby87397@perftest.com,0006204255
Abbie,Aagaard,AbbieAagaard84686@perftest.com,0006204261
Abbey,Aadland,AbbeyAadland20623@perftest.com,0006204262
Aaron,Aaby,AaronAaby50520@perftest.com,0006204460
Aaron,Aaberg,AaronAaberg33239@perftest.com,0006204461
Abbie,Aagaard,AbbieAagaard46011@perftest.com,0006204466
Abbey,Aadland,AbbeyAadland86365@perftest.com,0006204467
