Marvel,Longpre,MarvelLongpre73049@perftest.com,0006200497,990 Highland Colony Pkwy,,Ridgeland,MS,39157,US,ariane.n.anderson@rnftest.com
Maryjane,Denzer,MaryjaneDenzer74113@perftest.com,0006200496,85 W Main St,,Hopkinton,MA,01748,US,ariane.n.anderson@rnftest.com
Lyndsey,Grodi,LyndseyGrodi45855@perftest.com,0006200498,608 Tecumseh St,,La Porte,IN,46350-4247,US,ari16ba@rnftest.com
Dannette,Ciesco,DannetteCiesco69866@perftest.com,0006200500,2588 Cobbs Ford Rd,,Prattville,AL,36066,US,ari_ulibarri@rnftest.com
Shaquana,Liebross,ShaquanaLiebross55897@perftest.com,0006200502,7014 Foxglove Trl,,Sachse,TX,75048-2106,US,ariel.h.marcus@rnftest.com
Senaida,Chinnery,SenaidaChinnery25468@perftest.com,0006200511,21 Northridge Ln,,Lafayette,CA,94549-3146,US,ari16ba@rnftest.com
Christian,Hiser,ChristianHiser87029@perftest.com,0006200513,1615 Stanley St,,New Britain,CT,06053,US,ari_ulibarri@rnftest.com
Cathi,Esteen,CathiEsteen86379@perftest.com,0006200512,605 E Nifong Blvd,,Columbia,MO,65201,US,ariel.h.marcus@rnftest.com
Alia,Korchnak,AliaKorchnak79371@perftest.com,0006200515,2116 W Memorial Rd,,Oklahoma City,OK,73134,US,ari16ba@rnftest.com
Carla,Sow,CarlaSow15996@perftest.com,0006200516,10460 N Michigan Rd,Ste 100,Carmel,IN,46032,US,ari_ulibarri@rnftest.com
Madonna,Arvayo,MadonnaArvayo94407@perftest.com,0006200527,13788 Conway Rd,,Saint Louis,MO,63141-7236,US,arimont.rf@rnftest.com
Philip,Shammaa,PhilipShammaa52847@perftest.com,0006200526,953 48th St,,Brooklyn,NY,11219-2919,US,ari16ba@rnftest.com
Darrell,Grund,DarrellGrund18815@perftest.com,0006200528,3400 Central Ave SE,,Albuquerque,NM,87106,US,ariel.h.marcus@rnftest.com
Sherry,Heatly,SherryHeatly84369@perftest.com,0006200530,2935 S Rutherford Blvd,,Murfreesboro,TN,37130,US,ari16ba@rnftest.com
Marybelle,Ucci,MarybelleUcci37131@perftest.com,0006200529,491 Sun Valley Rd,,Ketchum,ID,83340,US,ariane.n.anderson@rnftest.com
Joellen,Keels,JoellenKeels31057@perftest.com,,1615 Stanley St,,New Britain,CT,6053,US,ari16ba@rnftest.com
Toi,Caouette,ToiCaouette84271@perftest.com,0006200543,15029 N Thompson Peak Pkwy ,Ste B125,Scottsdale,AZ,85260,US,ariel.h.marcus@rnftest.com
Alysa,Mcphan,AlysaMcphan28623@perftest.com,0006200544,4640 Forsyth Rd,,Macon,GA,31210,US,ariel.h.marcus@rnftest.com
Darla,Parnes,DarlaParnes39569@perftest.com,0006200545,103 E Preston Rd,,Mount Pleasant,MI,48858,US,ari_ulibarri@rnftest.com
Muoi,Kraner,MuoiKraner77128@perftest.com,0006200547,830 N State St,,Orem,UT,84057,US,ari_ulibarri@rnftest.com
Tessa,Protano,TessaProtano53616@perftest.com,0006200552,8 Morningstar Dr,,Stratham,NH,03885-2156,US,ariel.h.marcus@rnftest.com
Siu,Frymire,SiuFrymire63666@perftest.com,0006200559,575 E 1000 N,,Spanish Fork,UT,84660,US,ari_ulibarri@rnftest.com
Misty,Triece,MistyTriece32023@perftest.com,0006200562,2801 Eubank Blvd NE,Ste 2,Albuquerque,NM,87112,US,ari_ulibarri@rnftest.com
Dominique,Hobden,DominiqueHobden90031@perftest.com,0006200563,4167 Sunflower Ct,,Union City,CA,94587-3922,US,ari16ba@rnftest.com
Daisey,Deppe,DaiseyDeppe51221@perftest.com,0006200561,102 W John Rowan Blvd,,Bardstown,KY,40004,US,ariturnbull@rnftest.com
Lovie,Jacobellis,LovieJacobellis85821@perftest.com,0006200567,3815 Osage Beach Pkwy,Ste B5,Osage Beach,MO,65065,US,ariel.h.marcus@rnftest.com
Mario,Reddin,MarioReddin22165@perftest.com,0006200574,640 Lincoln Way,,Ames,IA,50010,US,ari16ba@rnftest.com
Cherlyn,Younger,CherlynYounger80887@perftest.com,0006200576,1797 W State St,,Boise,ID,83702,US,ariturnbull@rnftest.com
Archie,Sakai,ArchieSakai75655@perftest.com,0006200578,774 Ga Highway 96,,Bonaire,GA,31005,US,ari16ba@rnftest.com
Connie,Calvent,ConnieCalvent65593@perftest.com,0006200577,215 N 3rd St,,Wilsey,KS,66873-9653,US,ariane.n.anderson@rnftest.com
Jeana,Scally,JeanaScally78087@perftest.com,0006200582,1801 E Parks Hwy,,Wasilla,AK,99654,US,ari_ulibarri@rnftest.com
Charolette,Kim,CharoletteKim30333@perftest.com,0006200589,6365 I-55 N,,Jackson,MS,39213,US,ariane.n.anderson@rnftest.com
Minerva,Hutchin,MinervaHutchin78784@perftest.com,0006200591,747 Saluda Ave,,Columbia,SC,29205,US,ariturnbull@rnftest.com
Hellen,Hainley,HellenHainley21345@perftest.com,0006200594,4401 Commercial Way,,Spring Hill,FL,34606,US,ari16ba@rnftest.com
Sirena,Bottiggi,SirenaBottiggi02531@perftest.com,0006200592,1481 N Dupont Hwy,,Dover,DE,19901,US,ari16ba@rnftest.com
Israel,Shutters,IsraelShutters57452@perftest.com,0006200593,2905 S Horner Blvd,,Sanford,NC,27332,US,ariel.h.marcus@rnftest.com
