Ottawa,47 Rideau St,Ottawa,ON,K1N 5W8,CA
Ottawa,81 Metcalfe St,Ottawa,ON,K1P 6K7,CA
Ottawa,100 Elgin St,Ottawa,ON,K1P 5K8,CA
Ottawa,50 Rideau Street fc003,Ottawa,ON,K1N 9J7,CA
Ottawa,6815 Kateri Dr,Grande Prairie,AB,T8W 0H1,CA
Edmonton,10250-101 St,Edmonton,AB,T5J 3P4,CA
Edmonton,10155 102nd St NW,Edmonton,AB,T5J 4G8,CA
Edmonton,76-10205 101 St St,Edmonton,AB,T5J 3E9,CA
Edmonton,10080 Jasper Ave,Edmonton,AB,T5J 1V9,CA
Edmonton,6815 Kateri Dr,Grande Prairie,AB,T8W 0H1,CA
Winnipeg,201 Portage Ave,Winnipeg,MB,R3B 3K6,CA
Winnipeg,2 Lombard Pl,Winnipeg,MB,R3B 0Y3,CA
Winnipeg,360 Main St,Winnipeg,MB,R3C 3Z3,CA
Winnipeg,6815 Kateri Dr,Grande Prairie,AB,T8W 0H1,CA
St. Johns,70 Kenmount Rd,St Johns,NL,A1B 1W2,CA
St. Johns,215 Water St,St. Johns,NL,A1C 6C9,CA
St. Johns,48 Kenmount Rd,St Johns,NL,A1B 1W3,CA
St. Johns,191 Kenmount Rd,St. Johns,NL,A1B 3P9,CA
St. Johns,6815 Kateri Dr,Grande Prairie,AB,T8W 0H1,CA
Halifax,1646 Barrington St,Halifax,NS,B3J 2A3,CA
Halifax,5466 Spring Garden Rd,Halifax,NS,B3J 1G3,CA
Halifax,188 Chainlake Dr,Halifax,NS,B3S 1C5,CA
Halifax,5201 Duke St,Halifax,NS,B3J 1N9,CA
Halifax,6815 Kateri Dr,Grande Prairie,AB,T8W 0H1,CA
Toronto,130 King St W,Toronto,ON,M5X 1E1,CA
Toronto,120 Adelaide St W,Toronto,ON,M5H 1T1,CA
Toronto,55 University Ave,Toronto,ON,M5J 2H7,CA
Toronto,180 Queen St W,Toronto,ON,M5V 3X3,CA
Toronto,6815 Kateri Dr,Grande Prairie,AB,T8W 0H1,CA
Charlottetown,156 Great George St,Charlottetown,PE,C1A 4K9,CA
Charlottetown,65 Quuen St,Charlottetown,PE,C1A 4A6,CA
Charlottetown,655 University,Charlottetown,PE,C1E 1E5,CA
Quebec City,1 Rue des Carrieres,Quebec City,QC,G1R 4P5,CA
Quebec City,684 Grande Allee Est,Quebec City,QC,G1R 2K5,CA
Quebec City,75 Rene-Levesque W,Quebec,QC,G1R 2A3,CA
Quebec City,395 Charest East,Qubec,QC,G1K 3H3,CA
Regina,3859 Sherwood Dr,Regina,SK,S4R 4A8,CA
Whitehorse,201 Main St,Whitehorse,YT,Y1A 2B2,CA
Whitehorse,80 Chilkoot Way,Whitehorse,YT,Y1A 6T5,CA
