Colorado,5070 N Nevada Ave,,,Colorado Springs,CO,80918,US
Colorado,4465 Centennial Blvd,,,Colorado Springs,CO,80907,US
Colorado,6815 N Academy Blvd,,,Colorado Springs,CO,80918,US
Colorado,3104 W Colorado Ave,,,Colorado Springs,CO,80904,US
California,779 Herndon 103,,,Clovis,CA,93612,US
California,5347 N Blackstone Ave,Ste 101,,Fresno,CA,93710,US
California,5347 N Blackstone Ave,Ste 101,,Fresno,CA,93710,US
Arkansas,105 Commons Dr,,,Maumelle,AR,72113,US
Arkansas,12901 Cantrell Rd,,,Little Rock,AR,72223,US
Arkansas,7525 Cantrell Rd,,,Little Rock,AR,72207,US
Arkansas,11121 N Rodney Parham Rd,Ste 18b,,Little Rock,AR,72212,US
Arkansas,16301 Chenal Pkwy,Ste 300,,Little Rock,AR,72223,US
Arizona,15029 N Thompson Peak Pkwy ,suite B125,,Scottsdale,AZ,85260,US
Arizona,15029 N Thompson Peak Pkwy ,Ste B125,,Scottsdale,AZ,85260,US
Arizona,3860 W Happy Valley Rd,Ste 100,,Glendale,AZ,85310,US
Alaska,1801 E Parks Hwy,,,Wasilla,AK,99654,US
Alaska,1801 E Parks Hwy,,,Wasilla,AK,99654,US
Alabama,345 S Colonial Dr,,,Alabaster,AL,35007,US
Alabama,2171 Kent Dairy Rd,,,Alabaster,AL,35007,US
Alabama,2754 Legends Pkwy,,,Prattville,AL,36066,US
Alabama,2588 Cobbs Ford Rd,,,Prattville,AL,36066,US
Connecticut,3575a Berlin Tpke,,,Newington,CT,6111,US
Connecticut,1615 Stanley St,,,New Britain,CT,6053,US
Connecticut,1615 Stanley St,,,New Britain,CT,6053,US
Delaware,190 John Hunn Brown Rd,,,Dover,DE,19901,US
Delaware,1481 N Dupont Hwy,,,Dover,DE,19901,US
Florida,3101 Aerial Way,,,Spring Hill,FL,34604,US
Florida,13163 Cortez Blvd,,,Brooksville,FL,34613,US
Florida,4401 Commercial Way,,,Spring Hill,FL,34606,US
Florida,2300 Grand Cypress Dr,Ste 101,,Lutz,FL,33559,US
Florida,4401 Commercial Way,,,Spring Hill,FL,34606,US
Georgia,774 Ga Highway 96,,,Bonaire,GA,31005,US
Georgia,774 Ga Highway 96,,,Bonaire,GA,31005,US
Georgia,3094 Watson Blvd,,,Warner Robins,GA,31093,US
Georgia,4640 Forsyth Rd,,,Macon,GA,31210,US
Hawaii,438 Kilauea Ave,,,Hilo,HI,96720,US
Hawaii,391 E Makaala St,,,Hilo,HI,96720,US
Hawaii,391 E Makaala St,,,Hilo,HI,96720,US
Idaho,491 Sun Valley Rd,,,Ketchum,ID,83340,US
Idaho,1797 W State St,,,Boise,ID,83702,US
Idaho,1100 S Broadway Ave,,,Boise,ID,83706,US
Idaho,911 N Main St,,,Hailey,ID,83333,US
Idaho,911 N Main St,,,Hailey,ID,83333,US
Illinois,307 S Veterans Pkwy,Ste 510,,Normal,IL,61761,US
Illinois,307 S Veterans Pkwy,Ste 510,,Normal,IL,61761,US
Illinois,1715 Bradford Ln,Ste 100,,Normal,IL,61761,US
Indiana,5710 W 86th St,,,Indianapolis,IN,46278,US
Indiana,6320 Intech Commons Dr,,,Indianapolis,IN,46278,US
Indiana,1140 W Oak St,Ste Sr-334,,Zionsville,IN,46077,US
Indiana,10460 N Michigan Rd,Ste 100,,Carmel,IN,46032,US
Indiana,10401 N Michigan Rd,,,Carmel,IN,46032,US
Iowa,327 Lincoln Way,,,Ames,IA,50010,US
Iowa,320 S Duff Ave,,,Ames,IA,50010,US
Iowa,640 Lincoln Way,,,Ames,IA,50010,US
Iowa,2302 Lincoln Way,,,Ames,IA,50014,US
Iowa,228 S Clinton St,,,Iowa City,IA,52240,US
Kansas,1502 E 17th Ave,,,Hutchinson,KS,67501,US
Kansas,2315 S 9th St,,,Salina,KS,67401,US
Kansas,2125 N 9th St,,,Salina,KS,67401,US
Kansas,10222 W 21st,St N,,Wichita,KS,67205,US
Kentucky,102 W John Rowan Blvd,,,Bardstown,KY,40004,US
Kentucky,3401 Bardstown Rd,,,Louisville,KY,40218,US
Louisiana,1907 W Pinhook Rd,,,Lafayette,LA,70508,US
Louisiana,3009 College Dr,,,Baton Rouge,LA,70808,US
Louisiana,3009 College Dr,,,Baton Rouge,LA,70808,US
Maine,2 Waterville Commons Dr,,,Waterville,ME,4901,US
Maine,38 Bangor Mall Blvd,,,Bangor,ME,4401,US
Maine,60 Longview Dr,,,Bangor,ME,4401,US
Maryland,4600 Mitchellville Rd,,,Bowie,MD,20716,US
Maryland,3924 Town Center Blvd,,,Bowie,MD,20716,US
Maryland,15480 Annapolis Rd,Ste 207,,Bowie,MD,20715,US
Maryland,4100 Northview Dr,,,Bowie,MD,20716,US
Massachusetts,250 Fortune Blvd,,,Milford,MA,1757,US
Massachusetts,85 W Main St,,,Hopkinton,MA,1748,US
Massachusetts,67a Main St,Unit 104,,Medway,MA,2053,US
Michigan,3130 S Airport Rd W,,,Traverse City,MI,49684,US
Michigan,1201 S State St,,,Big Rapids,MI,49307,US
Michigan,103 E Preston Rd,,,Mount Pleasant,MI,48858,US
Minnesota,14546 Dellwood Dr,,,Baxter,MN,56425,US
Minnesota,124 2nd St S,,,Waite Park,MN,56387,US
Mississippi,170 Promenade Blvd,,,Flowood,MS,x`,US
Mississippi,1220 E Northside Dr,Ste 260,,Jackson,MS,39211,US
Mississippi,990 Highland Colony Pkwy,,,Ridgeland,MS,39157,US
Mississippi,6365 I-55 N,,,Jackson,MS,39213,US
Mississippi,6365 I-55 N,,,Jackson,MS,39213,US
Missouri,3815 Osage Beach Pkwy,Ste B5,,Osage Beach,MO,65065,US
Missouri,3880 Highway D,,,Osage Beach,MO,65065,US
Missouri,3721 W Truman Blvd,,,Jefferson City,MO,65109,US
Missouri,3721 W Truman Blvd,,,Jefferson City,MO,65109,US
Missouri,605 E Nifong Blvd,,,Columbia,MO,65201,US
Montana,1000 10th Ave S,,,Great Falls,MT,59405,US
Montana,3157 10th Ave S,,,Great Falls,MT,59405,US
Montana,2000 10th Ave S,,,Great Falls,MT,59405,US
Montana,1414 3rd St NW,,,Great Falls,MT,59404,US
Montana,1765 N 19th Ave,,,Bozeman,MT,59718,US
Nebraska,2020 S Jeffers St,,,North Platte,NE,69101,US
Nebraska,4800 3rd Ave,,,Kearney,NE,68845,US
Nebraska,206 WilmAR Ave,Ste 1,,Grand Island,NE,68803,US
Nebraska,1201 P St,,,Lincoln,NE,68508,US
Nebraska,3911 S Lincoln Ave,,,York,NE,68467,US
Nevada,1201 Penny Ln,Ste 180,,Fernley,NV,89408,US
Nevada,2065 Idaho St,,,Elko,NV,89801,US
Nevada,282 Los Altos Pkwy,Ste 106,,Sparks,NV,89436,US
Nevada,1201 Penny Ln,Ste 180,,Fernley,NV,89408,US
New Hampshire,120 Laconia Rd,Ste 100,,Tilton,NH,3276,US
New Hampshire,240 Loudon Rd,,,Concord,NH,3301,US
New Hampshire,11 Andrews Rd,,,Somersworth,NH,3878,US
New Jersey,282 Dunns Mill Rd,,,Bordentown,NJ,8505,US
New Jersey,200 Uncle Petes Rd,,,Trenton,NJ,8691,US
New Jersey,200 Uncle Petes Rd,,,Trenton,NJ,8691,US
New Jersey,2083 Lawrence Rd,,,Lawrenceville,NJ,8648,US
New Mexico,3400 Central Ave SE,,,Albuquerque,NM,87106,US
New Mexico,111 Eubank Blvd SE,,,Albuquerque,NM,87123,US
New Mexico,111 Eubank Blvd SE,,,Albuquerque,NM,87123,US
New Mexico,2801 Eubank Blvd NE,Ste 2,,Albuquerque,NM,87112,US
New York,2498 Broadway,,,New York,NY,10025,US
North Carolina,2905 S Horner Blvd,,,Sanford,NC,27332,US
North Carolina,1107 Walnut St,Ste 102,,Cary,NC,27511,US
North Carolina,1015 Parkside Main St,,,Cary,NC,27519,US
North Dakota,1229 W Century Ave,,,Bismarck,ND,58503,US
North Dakota,600 S 7th St,,,Bismarck,ND,58504,US
North Dakota,600 S 7th St,,,Bismarck,ND,58504,US
North Dakota,2124 N 12th St,,,Bismarck,ND,58501,US
North Dakota,1780 22nd Ave SW,,,Minot,ND,58701,US
Ohio,533 S State St,,,Westerville,OH,43081,US
Ohio,1187 Polaris Pkwy,,,Columbus,OH,43240,US
Ohio,1740 Columbus Pike,Ste A,,Delaware,OH,43015,US
Oklahoma,2116 W Memorial Rd,,,Oklahoma City,OK,73134,US
Oklahoma,6430 Avondale Dr,,,Oklahoma City,OK,73116,US
Oklahoma,2929 E Memorial Rd,,,Edmond,OK,73013,US
Oklahoma,13924 N Pennsylvania Ave,,,Oklahoma City,OK,73134,US
Oregon,1590 NE 3rd St,Ste 1,,Prineville,OR,97754,US
Oregon,812 NW Wall St,,,Bend,OR,97703,US
Oregon,583 NE Bellevue Dr,,,Bend,OR,97701,US
Oregon,1400 SW Canal Blvd,Ste 101,,Redmond,OR,97756,US
Rhode Island,212 Thames St,,,Newport,RI,2840,US
Rhode Island,1370 Ten Rod Rd,,,N Kingstown,RI,2852,US
Rhode Island,555 Main St,,,East Greenwich,RI,2818,US
South Carolina,747 Saluda Ave,,,Columbia,SC,29205,US
South Carolina,747 Saluda Ave,,,Columbia,SC,29205,US
South Dakota,2200 N Maple Ave,Unit 609,,Rapid City,SD,57701,US
South Dakota,2100n Broadway Ave,,,Yankton,SD,57078,US
Tennessee,1611 Alumni Dr,,,Murfreesboro,TN,37132,US
Tennessee,2935 S Rutherford Blvd,,,Murfreesboro,TN,37130,US
Tennessee,2050 Lascassas Pike,,,Murfreesboro,TN,37130,US
Tennessee,1641 Memorial Blvd,,,Murfreesboro,TN,37129,US
Tennessee,1641 Memorial Blvd,,,Murfreesboro,TN,37129,US
Utah,725 E University Pkwy,,,Orem,UT,84097,US
Utah,575 E 1000 N,,,Spanish Fork,UT,84660,US
Utah,1283 E Draper Pkwy,,,Draper,UT,84020,US
Utah,2951 W Clubhouse Dr,Ste A,,Lehi,UT,84043,US
Utah,830 N State St,,,Orem,UT,84057,US
Vermont,1150 Williston Rd,Unit 2,,South Burlington,VT,5403,US
Vermont,580 Shelburne Rd,Ste 9,,Burlington,VT,5401,US
Virginia,3911 Wards Rd,Ste A,,Lynchburg,VA,24502,US
Virginia,163 Community St,,,Charlottesville,VA,22911,US
Washington,501 N Miller St,,,Wenatchee,WA,98801,US
Washington,500 Valley Mall Pkwy,Ste A,,East Wenatchee,WA,98802,US
West Virginia,241 Emily Dr,Ste A,,Clarksburg,WV,26301,US
West Virginia,3000 Charleston Town Ctr,Ste k-15,,Charleston,WV,25389,US
West Virginia,3000 Charleston Town Ctr,Ste k-15,,Charleston,WV,25389,US
West Virginia,30 R H L Blvd,,,Charleston,WV,25309,US
Wisconsin,120 Crossroads Dr,,,Plover,WI,54467,US
Wisconsin,4728 Rib Mountain Dr,,,Wausau,WI,54401,US
Wisconsin,306 S 17th Ave,,,Wausau,WI,54401,US
Wisconsin,4339 W Wisconsin Ave,,,Appleton,WI,54913,US
Wyoming,4003 Cy Ave,,,Casper,WY,82604,US
Wyoming,560 N Center St,,,Casper,WY,82601,US
Wyoming,4585 E 2nd St,,,Casper,WY,82609,US
Wyoming,300 SE Wyoming Blvd,,,Casper,WY,82609,US
Wyoming,1165 Main St,,,Lander,WY,82520,US
,364 Edmond St,,,Ketchikan,AK,99901-6402,US
,608 Tecumseh St,,,La Porte,IN,46350-4247,US
,17115 N Suncrest Dr,,,Nine Mile Fls,WA,99026-9473,US
,4415 Loraine St Ne,,,Cedar Rapids,IA,52402-2137,US
,2430 Welbilt Blvd,,,Trinity,FL,34655-4401,US
,3193 Rochester Rd,,,Troy,MI,48083-5449,US
,2216 Schiller Ave,,,Wilmette,IL,60091-2328,US
,Municipal Bldg 430 Park Ave,,,Scotch Plains,NJ,07076-0000,US
,8891 Sunscape Ln,,,Boca Raton,FL,33496-5089,US
,1159 W 51st St,,,Chicago,IL,60609-5005,US
,4953 Florence Ave,,,Downers Grove,IL,60515-3916,US
,1724 Spring Dr,,,Louisville,KY,40205-1325,US
,16015 Sw 150th St,,,Miami,FL,33196-6559,US
,208 Weymouth St,,,Cambria,CA,93428-2348,US
,891 E 149th St,,,Cleveland,OH,44110-3723,US
,1530 Jackson Ave,,,River Forest,IL,60305-1114,US
,2411 Spring Ave,,,New Albany,IN,47150-1546,US
,7500 Willow Rd,,,NMandan,ND,58554-5410,US
,4954 Pete Nation Rd,,,Starks,LA,70661-4024,US
,9943 Harriet Ave S,,,Bloomington,MN,55420-4724,US
,4117 Verona Rd,,,South Euclid,OH,44121-3109,US
,471 E College Ave,,,Westerville,OH,43081-1797,US
,54 S Grove Ave,,,Elgin,IL,60120-6404,US
,13788 Conway Rd,,,Saint Louis,MO,63141-7236,US
,4 Penny Ln,,,Cedar Crest,NM,87008-9723,US
,15 Old Farm Rd,,,Granville,OH,43023-9568,US
,953 48th St,,,Brooklyn,NY,11219-2919,US
,10860 Killdeer St Nw,,,Coon Rapids,MN,55433-4237,US
,2435 Suffolk Ln,,,Joliet,IL,60433-1627,US
,1701 Birch Rd,,,Pasco,WA,99301-8861,US
,20 E Liberty Ln,,,Danville,IL,61832-1441,US
,960 Hastings St,,,Baldwin,NY,11510-4738,US
,2035 Raible Ave,,,Anderson,IN,46011-4139,US
,7014 Foxglove Trl,,,Sachse,TX,75048-2106,US
,522 Homestead Blvd,,,Price,UT,84501-2261,US
,100 S Church Ave,,,Tucson,AZ,85701-1631,US
,23 Tom Dick Hill Rd,,,Stonefort,IL,62987-1490,US
,150 Laager Loop,,,Bozeman,MT,59715-3292,US
,3900 Pelican Way,,,Oxnard,CA,93035-4367,US
,4050 Back Woods Rd,,,Westminster,MD,21158-2407,US
,281 Baker St,,,Corning,NY,14830-1621,US
,209 E Sessions Ave,,,Lake Wales,FL,33853-0000,US
,325 W Aaron Dr,,,State College,PA,16803-3045,US
,325 W Aaron Dr,,,State College,PA,16803-3045,US
,1301 W Fredonia Ave,,,Peoria,IL,61606-2406,US
,29712 Sylvan Dr,,,Willowick,OH,44095-4512,US
,4365 Maynard Rd,,,Delaware,OH,43015-8780,US
,11600 Partridge Run Ln,,,Potomac,MD,20854-1218,US
,3100 25th St,,,Tuscaloosa,AL,35401-5314,US
,280 Calkins Rd,,,Rochester,NY,14623-4210,US
,41 Warren St,,,Roxbury,MA,02119-3235,US
,22 Tyler St,,,Hobart,IN,46342-1055,US
,320 Bay Dr,,,Massapequa,NY,11758-8144,US
,702 Chapin St,,,South Bend,IN,46601-2804,US
,1575 E River Rd 201,,,Tucson,AZ,85718-5831,US
,4119 Balcones Woods Dr,,,Austin,TX,78759-5009,US
,12731 E State Highway 47,,,Cadet,MO,63630-9363,US
,301 Mellane Cir,,,Orland,CA,95963-1505,US
,215 N 3rd St,,,Wilsey,KS,66873-9653,US
,14493 Spid Suite A,,,Corpus Christi,TX,78418-5939,US
,5287 Quarterdeck Ln,,,San Diego,CA,92154-8583,US
,711 W Chicago Ave,,,East Chicago,IN,46312-3221,US
,360 1st St,,,Menasha,WI,54952-3041,US
,21 Northridge Ln,,,Lafayette,CA,94549-3146,US
,14545 Sherman Cir,,,Van Nuys,CA,91405-3087,US
,1405 Ne 92nd St,,,Kansas City,MO,64155-3372,US
,8 Morningstar Dr,,,Stratham,NH,03885-2156,US
,3554 N 6th St,,,Philadelphia,PA,19140-4506,US
,14050 S 303rd East Ave,,,Coweta,OK,74429-3081,US
,7738 S Hermitage Ave,,,Chicago,IL,60620-4413,US
,10118 Cavalry Dr,,,Fairfax,VA,22030-1916,US
,601 2nd St,,,Griswold,IA,51535-8082,US
,1309 N Topeka St,,,Wichita,KS,67214-2844,US
,1900 E Bonanza Rd,,,Las Vegas,NV,89101-3339,US
,4167 Sunflower Ct,,,Union City,CA,94587-3922,US
,10317 Xerxes Ave S,,,Bloomington,MN,55431-3331,US
,600 E 6th St,,,New York,NY,10009-6851,US
,1808 Opelika Rd,,,Phenix City,AL,36867-3638,US
,13788 Conway Rd,,,Saint Louis,MO,63141-7236,US
